id,company_name,full_name,email,password,id
1,Ozu,Ellen Allner,eallner0@lycos.com,tPNJWByhUa,1
2,Tagtune,Garret Colbeck,gcolbeck1@berkeley.edu,WHBJliL,2
3,Gigazoom,Daryn Bischoff,dbischoff2@lycos.com,wsMJiWDF,3
4,Kamba,Daveta Keneforde,dkeneforde3@mashable.com,f5rLSny3w,4
5,Yoveo,Simona Yerlett,syerlett4@seesaa.net,hEaYb8E,5
6,Avaveo,Cathrine Scocroft,cscocroft5@oaic.gov.au,0VsvvpglanS,6
7,Flashpoint,Bryn Lawrenceson,blawrenceson6@wired.com,MZx6qjbJA6l,7
8,Yombu,Godiva Fansy,gfansy7@booking.com,KrKCsGX4p,8
9,Roomm,Yasmeen Gawthorpe,ygawthorpe8@fda.gov,zN0Dud,9
10,Devshare,Cull Lux,clux9@shop-pro.jp,EntzeUTR0X,10
11,Kare,Helsa Aizlewood,haizlewooda@free.fr,lWNV6BbN7,11
12,Talane,Carena Penniell,cpenniellb@reverbnation.com,QsxAEyT9H,12
13,Meemm,Aridatha Eyre,aeyrec@economist.com,uK0A73ql,13
14,Kazu,Joshia Kops,jkopsd@about.me,liZDBls0L,14
15,Minyx,Damaris Rouchy,drouchye@hhs.gov,iveIBY6u,15
16,Rhycero,Valentin Widdall,vwiddallf@telegraph.co.uk,UvN7YapJq,16
17,Cogilith,Annissa Delnevo,adelnevog@google.com.hk,pFvZ01,17
18,LiveZ,Skye Garrison,sgarrisonh@fotki.com,pB9xHH6vtJ,18
19,Skalith,Berne Dimeloe,bdimeloei@so-net.ne.jp,oi3z6YI,19
20,Eabox,Teddy Colegate,tcolegatej@4shared.com,0igIEHKIb7B,20
21,Zava,Thorndike Feaks,tfeaksk@com.com,Bpc8SPNL,21
22,Topicware,Gerard Coils,gcoilsl@wunderground.com,bhRPiOsE,22
23,Babbleset,Rasla Sissens,rsissensm@naver.com,n0jVjuapKE68,23
24,Blogtag,Val McIlheran,vmcilherann@opera.com,EtFeK2riTHUV,24
25,Youtags,Leone Le-Good,llegoodo@vimeo.com,dzCy2c7ss,25
26,Dynabox,Morena Melan,mmelanp@usda.gov,NSOGWKaMVn,26
27,Wordtune,Gloriane Micklewright,gmicklewrightq@toplist.cz,y2QAM0EPN13,27
28,Plajo,Freddie Seed,fseedr@goodreads.com,HVkwcYD0U5U,28
29,Skiba,Bonny Sille,bsilles@wsj.com,JZTSl5x9wU,29
30,Zava,Noreen Halton,nhaltont@msn.com,imvanEQA,30
31,Fiveclub,Cullen Dight,cdightu@paginegialle.it,jsSe5dq4yDU,31
32,Miboo,Minda Tavinor,mtavinorv@gnu.org,yaaqlY,32
33,Edgewire,Tracy Sinson,tsinsonw@webnode.com,BgOjt7YPbO,33
34,Yadel,Vasili Woodford,vwoodfordx@godaddy.com,GGdIdcok,34
35,Yambee,Melinda Angell,mangelly@twitter.com,oX1L2i1tn,35
36,Jayo,Karrie Joust,kjoustz@shop-pro.jp,bTIqxQ8YslB,36
37,Zoovu,Burg Craigs,bcraigs10@ucsd.edu,I2ALtE,37
38,Topicblab,Humbert Tomaskunas,htomaskunas11@seattletimes.com,ee1gM92,38
39,Mynte,Ivonne Strudwick,istrudwick12@exblog.jp,miiq1oKJL,39
40,Vitz,Herrick Plesing,hplesing13@nature.com,5iLfMk2y3,40
41,Quinu,Grata Swanbourne,gswanbourne14@marketwatch.com,85xbwMd,41
42,Browsetype,Dolley Hew,dhew15@go.com,rV4WHsaA77,42
43,Realbuzz,Henryetta Cambridge,hcambridge16@si.edu,ciyKQCmC,43
44,Tagchat,Eustace Permain,epermain17@soundcloud.com,ezcsL4,44
45,Agivu,Bessy Anker,banker18@pagesperso-orange.fr,6kmJSJBZH,45
46,Feedmix,Sebastian Poundford,spoundford19@pen.io,xDwnrS,46
47,Camido,Dale Camerana,dcamerana1a@51.la,v125AVa,47
48,Photobug,Marigold Durtnell,mdurtnell1b@soundcloud.com,uOIP2j6d9zRR,48
49,Meemm,Rosemarie Kearney,rkearney1c@biblegateway.com,QLzJv9ayLwv,49
50,Wordify,Dorthy Askin,daskin1d@plala.or.jp,ZYgWZU76Wu,50
51,Centidel,Rae Matuszinski,rmatuszinski1e@blogger.com,iVXVXmT,51
52,Yombu,Sabrina Brunn,sbrunn1f@go.com,FmbvUc,52
53,Eayo,Murial Raftery,mraftery1g@sfgate.com,HJTb3iavV,53
54,Rhyzio,Sig Courson,scourson1h@360.cn,rdNCfaeFR,54
55,Reallinks,Andras January 1st,ajanuary1i@shutterfly.com,kPzaxCsiaYbu,55
56,Trupe,Netti Dottrell,ndottrell1j@artisteer.com,YFzVX0dh,56
57,Flashdog,Karole Courcey,kcourcey1k@amazonaws.com,c5iiXHQ,57
58,Skyba,Ilka O'Concannon,ioconcannon1l@ebay.com,EhEKoyIJqFP1,58
59,Buzzster,Albina Inglesent,ainglesent1m@oracle.com,Aifq5yXs,59
60,Abata,Gratiana Ivison,givison1n@chronoengine.com,0sgTyJdwnb4K,60
61,Flipstorm,Brendon Pattini,bpattini1o@barnesandnoble.com,BNtMacoRzkf,61
62,Jamia,Sheff Gillings,sgillings1p@bravesites.com,4MP8LVPx2x5E,62
63,Zoomdog,Cord Camock,ccamock1q@chron.com,CwWuPP31,63
64,Jetpulse,Shellie Simonett,ssimonett1r@stumbleupon.com,OsM9pgekIlSi,64
65,Abatz,Mallory Aronovich,maronovich1s@myspace.com,UwyNtv,65
66,Skinix,Hadley Bwy,hbwy1t@yahoo.co.jp,Brzk7EzitF0,66
67,Riffpedia,Ebenezer Blaney,eblaney1u@mediafire.com,GkICizTfPA,67
68,Latz,Jordain Limprecht,jlimprecht1v@alexa.com,N1rxK1XoNKEI,68
69,Photojam,Maryanna Pauer,mpauer1w@foxnews.com,N6wEVS4bu,69
70,Yamia,Trude Whisson,twhisson1x@joomla.org,zhT5q7yqwdW,70
71,Yakidoo,Matthew Worswick,mworswick1y@ycombinator.com,yN3mGiJpd4N,71
72,Mycat,Kirby Agar,kagar1z@scribd.com,dzgp4T2zvykt,72
73,Topicshots,Andi Krolik,akrolik20@exblog.jp,uPiOOVQ,73
74,Devpoint,Cheslie Driffill,cdriffill21@com.com,3FyKLQaan2J,74
75,Bubblebox,Henrieta Speaks,hspeaks22@cmu.edu,gBSK9m,75
76,Tazz,Inglis Dowdeswell,idowdeswell23@wisc.edu,pWDLh5ILDUs,76
77,Oodoo,Clarabelle Diack,cdiack24@bloglines.com,0L7Katy,77
78,Yamia,Donna Pendrill,dpendrill25@themeforest.net,98XnsKR1B,78
79,Eadel,Casi Palliser,cpalliser26@com.com,L2Jiy6I,79
80,Mydo,Tammi Timblett,ttimblett27@google.com,un3FarneD,80
81,Ainyx,Huntley Episcopi,hepiscopi28@bluehost.com,X2bV31tZ8,81
82,Brainlounge,Nydia Meekin,nmeekin29@house.gov,el5rrUAJFe,82
83,Blogtag,Osmund Eddy,oeddy2a@homestead.com,9MjhgwH60,83
84,Meevee,Lavena Krout,lkrout2b@dailymotion.com,1XFlhV9tZRye,84
85,Zoomlounge,Angele Clack,aclack2c@amazon.co.jp,r5qZTrCr,85
86,Realbuzz,Brandyn Wilmut,bwilmut2d@mysql.com,UWVX59m,86
87,Realpoint,Darryl Doog,ddoog2e@jigsy.com,Ewtwop,87
88,Fatz,Adrien Ollis,aollis2f@goo.ne.jp,cBqzKJyQgZ,88
89,Oyoba,Aurie Aughton,aaughton2g@github.com,flAQdHuKfuIY,89
90,Mydeo,Mandi Bogaert,mbogaert2h@mtv.com,2t1GpS,90
91,Mydo,Bent Peirone,bpeirone2i@a8.net,N2xYcY8Jy1e,91
92,Zoonoodle,Gordan Wallace,gwallace2j@umich.edu,G74MEfI,92
93,Digitube,Wendy Larvor,wlarvor2k@constantcontact.com,S1G7VW9pV,93
94,Devpoint,Luz Lyness,llyness2l@fastcompany.com,nN8rSNLS9,94
95,Oloo,Garvin Geffe,ggeffe2m@bizjournals.com,GfHDK9q,95
96,Ooba,Fairleigh Leggate,fleggate2n@mail.ru,Sc1XXHZmv9,96
97,Skynoodle,Dalston Goulbourne,dgoulbourne2o@disqus.com,g7BBvgqQ,97
98,Twitternation,Alverta Woodrup,awoodrup2p@t.co,rEZ2e8O,98
99,Blogpad,Chicky Blasik,cblasik2q@spotify.com,JRGawk51SCaA,99
100,Gabtune,Tate Fippe,tfippe2r@desdev.cn,3DB43ck7N9,100
101,Rhyloo,Marysa Pabel,mpabel2s@vkontakte.ru,Oj1MQQ,101
102,Vinder,Tomi Cranfield,tcranfield2t@statcounter.com,Pvy9hqoXlHK,102
103,Yakitri,Flossi Morrall,fmorrall2u@mediafire.com,2kFw9PhdhU,103
104,Vipe,Barn Smythin,bsmythin2v@gravatar.com,afLNCgB0i,104
105,Photolist,Rayshell Boylan,rboylan2w@so-net.ne.jp,ejR15L,105
106,Feedfire,Donnamarie Steffens,dsteffens2x@4shared.com,1UCprbE7XvLb,106
107,Photobug,Ignace Kerrod,ikerrod2y@marriott.com,cW0utD,107
108,Tagpad,Stuart Duley,sduley2z@dion.ne.jp,ZpVzubN0FFK,108
109,Lazz,Bourke Basini-Gazzi,bbasinigazzi30@drupal.org,Ijil8Ntuuz5,109
110,Flipbug,Charmine Aldren,caldren31@purevolume.com,32YpdI,110
111,Linkbuzz,Matty Aymeric,maymeric32@naver.com,HIEZPWfW,111
112,Agimba,Carleton Benfield,cbenfield33@unblog.fr,0PwVI9SJy,112
113,Thoughtsphere,Abdel Mathieu,amathieu34@salon.com,xC0isjdb,113
114,Rhynoodle,Ivory MacCheyne,imaccheyne35@weebly.com,BaBNHPzOYz61,114
115,Bubblebox,Jenifer Heningam,jheningam36@geocities.com,ipUBDHWENLa,115
116,Meevee,Ringo Shemilt,rshemilt37@mapy.cz,SapNmeNb6uL,116
117,Minyx,Madlen Debell,mdebell38@cargocollective.com,1deezAXF,117
118,Dazzlesphere,Murielle Parkhouse,mparkhouse39@alibaba.com,mbxaj6H69t,118
119,Browsedrive,Griselda Ghio,gghio3a@buzzfeed.com,RfuyuSNV8hWn,119
120,Devify,Evangelin Dennett,edennett3b@php.net,MeOGhqqV,120
121,Blogpad,Elana Deluce,edeluce3c@zimbio.com,MZEAT4,121
122,Jaxnation,Blaine Gabotti,bgabotti3d@networkadvertising.org,BNVF4F,122
123,Brainbox,Hieronymus Woodruff,hwoodruff3e@mysql.com,K3OvgD,123
124,Demivee,Mackenzie Brach,mbrach3f@multiply.com,1MYPMcbYw,124
125,Tagchat,Rey Quainton,rquainton3g@cafepress.com,oFgTcTkd,125
126,Yamia,Cheston Wheaton,cwheaton3h@squarespace.com,64nTt4RmQ,126
127,Photobug,Kelcey Duiguid,kduiguid3i@tumblr.com,p2JMkAV9KA,127
128,Feedmix,Starla Eaklee,seaklee3j@patch.com,DsHtBC9,128
129,Photofeed,Trista Horrod,thorrod3k@webeden.co.uk,RoafoGk,129
130,Skinix,Jessamine Winfield,jwinfield3l@vistaprint.com,oYEFyc8Myj,130
131,Jabbersphere,Conny Mustill,cmustill3m@hatena.ne.jp,OcNehKd1diEk,131
132,Gigashots,Lishe Penritt,lpenritt3n@fda.gov,colLm7OIAk,132
133,Trudoo,Alis Reolfi,areolfi3o@fastcompany.com,SuAKVgKiaJ2A,133
134,Mita,Ellary Fairbrass,efairbrass3p@de.vu,maFyLsrbopRB,134
135,Babbleopia,Dot De Brett,dde3q@reference.com,2y51vqJVhd,135
136,Yadel,Kinsley Gorelli,kgorelli3r@chron.com,CZl0tUSEtBp,136
137,Wordtune,Donalt Thirtle,dthirtle3s@princeton.edu,7gkmSE6z,137
138,Linktype,Brandie Priddey,bpriddey3t@github.com,idNQYa,138
139,Fliptune,Sheena Cannings,scannings3u@mysql.com,xSCDlk0,139
140,Twinder,Ansell Rooksby,arooksby3v@europa.eu,QtCIU3pa,140
141,Yamia,Jorry Insley,jinsley3w@usgs.gov,S4Bn0L,141
142,Gevee,Concettina Fardon,cfardon3x@nature.com,W31Kxs,142
143,Livefish,Rick O'Nions,ronions3y@yahoo.co.jp,aQJLyYq,143
144,Thoughtstorm,Allin Kareman,akareman3z@geocities.jp,5SeozLD5,144
145,Kazio,Martino Casellas,mcasellas40@icio.us,GlUr6BaO9Q,145
146,Dabshots,Bev McKmurrie,bmckmurrie41@vistaprint.com,TnvoejPl,146
147,Livetube,Gordie Marriage,gmarriage42@moonfruit.com,1AjvMG,147
148,Jaxworks,Ninon Murrow,nmurrow43@typepad.com,JiUyBhS3Ry,148
149,Rhybox,Caril Benettolo,cbenettolo44@delicious.com,F8XsOENx,149
150,Kwimbee,Dallas Scathard,dscathard45@hao123.com,qSnGcWT1PxO,150
151,Feedspan,Josselyn Tingey,jtingey46@virginia.edu,BLdiFHyd3LH,151
152,Photospace,Kelwin Fike,kfike47@tiny.cc,sHCuWNRPcxp2,152
153,Aibox,Burch Reffe,breffe48@com.com,h12YbZl,153
154,Avaveo,Essa Moules,emoules49@nps.gov,bIoLyJ5vMAwE,154
155,Skinder,Miriam Ackwood,mackwood4a@ucsd.edu,uxbYIAyjvC5o,155
156,Jamia,Annis Blacklidge,ablacklidge4b@vinaora.com,bU46YbzUqu,156
157,Kayveo,Vida Santello,vsantello4c@hhs.gov,mHzczSHO,157
158,Buzzdog,Ambur Oret,aoret4d@skype.com,XmZER6HFS,158
159,Devpulse,Rosabella Lune,rlune4e@discovery.com,AhrmZ3RBHB,159
160,Devify,Selestina Gages,sgages4f@amazon.com,3WQva7HnOwUT,160
161,Npath,Darsey Dell Casa,ddell4g@4shared.com,tqAJr4SpWGZ,161
162,Twitterlist,Venita Cords,vcords4h@github.com,mMCMFbvcsSm,162
163,Einti,Marylee Lammert,mlammert4i@mit.edu,6vYd9bQA02C,163
164,Skiba,Chrissie Hanse,chanse4j@ted.com,FQStXuv,164
165,Kwideo,Dory Carrigan,dcarrigan4k@nydailynews.com,tM1B1R,165
166,Jabberbean,Jeniffer Tynewell,jtynewell4l@jugem.jp,fonohH5,166
167,Kazu,Jessy Loughan,jloughan4m@seesaa.net,fIpG3zb2,167
168,Devpulse,Octavius Meagher,omeagher4n@theglobeandmail.com,30nhYJmv,168
169,Aimbu,Anica Pavel,apavel4o@businesswire.com,OMrTpui,169
170,Dynava,Hailee Dallmann,hdallmann4p@shutterfly.com,SOOifExjho,170
171,Zooxo,Yelena Aucoate,yaucoate4q@businessweek.com,NflkS51,171
172,Dablist,Rollo Farloe,rfarloe4r@cafepress.com,kzW1pr9LA6,172
173,Linkbuzz,Gunther Andriessen,gandriessen4s@deliciousdays.com,me6q4cN,173
174,Zoovu,Lavina Sturch,lsturch4t@dagondesign.com,gDWxYAJyW,174
175,Photobug,Lon Chang,lchang4u@loc.gov,IV97MyfAwJJC,175
176,Skaboo,Jacquelin Gatecliff,jgatecliff4v@g.co,DkNt0eBq,176
177,Oloo,Aeriel Koenraad,akoenraad4w@issuu.com,LV3T3y5v8rl,177
178,Trupe,Gavra Youles,gyoules4x@fda.gov,vKM6AC4dyL,178
179,Skaboo,Dorian Elles,delles4y@intel.com,eTX4E4ryE,179
180,Viva,Dniren Danby,ddanby4z@merriam-webster.com,Dzs2Yp5,180
181,Agivu,Stanislaus Carne,scarne50@telegraph.co.uk,4IMwMO,181
182,Zoomzone,Latrina Espinho,lespinho51@amazon.com,JUAsAR6Xm,182
183,Pixope,Raynell Alflatt,ralflatt52@wix.com,LYAXkFmdty,183
184,Eazzy,Glynnis Hughland,ghughland53@un.org,dIGD4gPnXb,184
185,Pixope,Worthy Vickress,wvickress54@tuttocitta.it,MT2Tuf81,185
186,Aimbo,Sigismundo Frany,sfrany55@google.nl,0m8eqbm4,186
187,Demimbu,Rabbi Martyn,rmartyn56@harvard.edu,yxPbFz,187
188,Topiczoom,Carena Oxtoby,coxtoby57@reverbnation.com,DfORKMh1E,188
189,Blogspan,Tremayne Boyles,tboyles58@omniture.com,trtDmBf8,189
190,Livefish,Thaddus MacMeeking,tmacmeeking59@theatlantic.com,ig6PKHM8h85I,190
191,Talane,Philomena Merman,pmerman5a@privacy.gov.au,3uPF74Vqld,191
192,Twimm,Reina Younge,ryounge5b@time.com,pAbLpf,192
193,Jabbersphere,Traci Reames,treames5c@cnet.com,pQ72nGysV,193
194,Zoonoodle,Batsheva Sutherington,bsutherington5d@ask.com,YVUZJ8Tsjr,194
195,Tekfly,Oberon Brisse,obrisse5e@comcast.net,1TQab8bWJdl,195
196,Yakitri,Jermain Pisco,jpisco5f@t-online.de,SYlQw5iwa,196
197,Babblestorm,Archaimbaud Hospital,ahospital5g@samsung.com,wPRWOb,197
198,Skinte,Rickard Carberry,rcarberry5h@ebay.co.uk,8wvZH4WZSm,198
199,Flashdog,Candice Marr,cmarr5i@arizona.edu,flCMcyYug,199
200,Zoozzy,Anissa Nyland,anyland5j@myspace.com,Yk7kITRZr,200
201,Topicblab,Rianon Hearl,rhearl5k@sciencedirect.com,Alu5GNjG,201
202,Kaymbo,Sisely Muzzullo,smuzzullo5l@ucsd.edu,11eqrDO52V9,202
203,Skyble,Tandy Leyes,tleyes5m@princeton.edu,kKa2Ai,203
204,Linkbuzz,Liliane Hantusch,lhantusch5n@gizmodo.com,mhIhVMBus4,204
205,Leexo,Vita Ilyenko,vilyenko5o@ed.gov,YQaM9O5O,205
206,Ntags,Babb Olohan,bolohan5p@icq.com,6ZSdocb,206
207,Devpulse,Jermaine Halt,jhalt5q@prnewswire.com,rDaDMzLKwY,207
208,Skyba,Hali Wasteney,hwasteney5r@yandex.ru,Cc6fKXos,208
209,Roodel,Lucie Fluck,lfluck5s@fastcompany.com,xBeHWa,209
210,Jamia,Jonas Crichley,jcrichley5t@mozilla.com,yX3bkxQz,210
211,Quinu,Lusa Machin,lmachin5u@who.int,SZ3Imb,211
212,Zoombeat,Didi McMeanma,dmcmeanma5v@sfgate.com,HYw3b2Cc0,212
213,Zoomlounge,Dulce Rippen,drippen5w@telegraph.co.uk,DWuD9idwg,213
214,Trudeo,Dredi Pithie,dpithie5x@ftc.gov,fsxULm,214
215,Meevee,Kelsey Blackford,kblackford5y@craigslist.org,rImRsck,215
216,Fatz,Ezechiel Forestall,eforestall5z@vinaora.com,sl1A7s,216
217,Rhynyx,May Crewes,mcrewes60@cyberchimps.com,Eov9k3E9Nf,217
218,Rooxo,Dulcinea Purdon,dpurdon61@barnesandnoble.com,J7GD5E,218
219,Browsezoom,Emmy Feavers,efeavers62@cnbc.com,cbOgWqnBDwK,219
220,InnoZ,Janie M'Chirrie,jmchirrie63@rediff.com,P3YxT577A,220
221,Midel,Caressa McVicar,cmcvicar64@jimdo.com,CNsFF3Af5,221
222,Blogtag,Kale Gapper,kgapper65@techcrunch.com,BwP3WHv,222
223,Zava,Angelo Benck,abenck66@ftc.gov,iSrees2,223
224,Omba,Grover Edgcombe,gedgcombe67@businesswire.com,0issEhd,224
225,Bubblebox,Evyn Elsmor,eelsmor68@army.mil,zdgwKPwEvHZ,225
226,Oyonder,Danyelle Khan,dkhan69@epa.gov,TslpmlE,226
227,Thoughtbeat,Chilton Knight,cknight6a@springer.com,3bBCsoirO,227
228,Oyoba,Bearnard McConnel,bmcconnel6b@google.cn,avTCcr2,228
229,Trudoo,Vin Innott,vinnott6c@paginegialle.it,7OP5qfI,229
230,Oyoba,Pauly Bodycote,pbodycote6d@homestead.com,SzCjRbSgiLGC,230
231,Jabberbean,Manolo Ruzicka,mruzicka6e@qq.com,m4RIDzlUjcW,231
232,Yata,Truda Hurt,thurt6f@tiny.cc,z4XBNyrVLB5,232
233,Kare,Stanislaw Brinsden,sbrinsden6g@ibm.com,GurY7mL,233
234,Tekfly,Neilla Jelleman,njelleman6h@csmonitor.com,hjPO9OIt,234
235,Digitube,Shelby Fulle,sfulle6i@china.com.cn,2wMWOIu,235
236,Aimbu,Jannel Icom,jicom6j@i2i.jp,BVoO6VRY,236
237,Aimbu,Mable Blackater,mblackater6k@is.gd,upqecxO4M4,237
238,Jamia,George Pilsworth,gpilsworth6l@rambler.ru,P8IAtTzBAee,238
239,Skimia,Brennan Girk,bgirk6m@technorati.com,0bYFH5eJt,239
240,Edgeify,Skipp Minero,sminero6n@guardian.co.uk,zecNxGR,240
241,Kwideo,Blakelee MacVaugh,bmacvaugh6o@gmpg.org,AGhRi8jQRA,241
242,Demizz,Jervis Hansom,jhansom6p@mail.ru,RFnq9ulh,242
243,BlogXS,Alameda Mityashin,amityashin6q@cpanel.net,4hOqwV,243
244,Divanoodle,Stan Boreham,sboreham6r@theguardian.com,kY4HntzgRLAc,244
245,Skynoodle,Perri Franck,pfranck6s@cornell.edu,hm7l5Ja,245
246,Flipbug,Olivie Brinklow,obrinklow6t@xing.com,SHZ1AU,246
247,Wordify,Reagan Tumbelty,rtumbelty6u@delicious.com,2ZAT66N,247
248,Oyoba,Xever Barmadier,xbarmadier6v@sogou.com,hYxqHcYD,248
249,Trilith,Ced Bugg,cbugg6w@cnn.com,SfgXkg48AqoA,249
250,Blognation,Kissiah Addinall,kaddinall6x@phoca.cz,89NblSETmfBq,250
251,Eamia,Novelia Dole,ndole6y@last.fm,WXmXj9sDwQW,251
252,Nlounge,Connie Blankley,cblankley6z@behance.net,T8sZ20,252
253,Meejo,Edna Bodechon,ebodechon70@yelp.com,LefYCjD,253
254,Dynava,Linell Simkovitz,lsimkovitz71@epa.gov,4pLciTBXTX,254
255,Fiveclub,Conny Hame,chame72@timesonline.co.uk,UefNlzY9Tpo,255
256,Jaxspan,Karla Balmforth,kbalmforth73@ustream.tv,9uwbTxZsbV,256
257,Edgeblab,Birk Street,bstreet74@google.ca,bffkDOMh,257
258,Bubblemix,Hayes Castelluzzi,hcastelluzzi75@archive.org,tW0OKisU,258
259,Youfeed,Niall Kinchin,nkinchin76@rambler.ru,2xU37PD2j,259
260,Tambee,Happy Greenley,hgreenley77@chronoengine.com,t5J4tpz1bfe,260
261,Mudo,Flint Gerty,fgerty78@cbsnews.com,1thnDh6n,261
262,Skinte,Ellissa Handley,ehandley79@furl.net,7idA3O3zx,262
263,Devpoint,Cookie Winterbotham,cwinterbotham7a@linkedin.com,FCvFNOT,263
264,Skinix,Haley Kitchingham,hkitchingham7b@tmall.com,Ch3BmMZZ3,264
265,Divavu,Albina Livesey,alivesey7c@ed.gov,cXYtNvSaa,265
266,Eazzy,Ingaberg Dundredge,idundredge7d@utexas.edu,CLMpl4,266
267,Demivee,Edsel Swarbrigg,eswarbrigg7e@uiuc.edu,gNUjN52,267
268,Janyx,Judd Shewring,jshewring7f@nhs.uk,fdj43lPXsi,268
269,Voomm,Abigale Hutchins,ahutchins7g@army.mil,KkC3N2d7a,269
270,Realbuzz,Jesse Croydon,jcroydon7h@comsenz.com,2qbSOkPk,270
271,Gigaclub,Hale Ganning,hganning7i@irs.gov,0w0SoAg,271
272,Topicware,Aurelia Dinnis,adinnis7j@issuu.com,nBz3rU,272
273,Skalith,Elspeth Impy,eimpy7k@wsj.com,02vJDesXJQ,273
274,Tagopia,Daffi Melrose,dmelrose7l@altervista.org,ER9gyD,274
275,Tagcat,Juanita Le Strange,jle7m@sitemeter.com,LGx5R2L,275
276,Lajo,Giffy Rudolfer,grudolfer7n@dagondesign.com,9QAp6Wfx,276
277,Yakijo,Jarret Wandrack,jwandrack7o@deviantart.com,dssLcH,277
278,Jaloo,Immanuel Bloxsome,ibloxsome7p@ehow.com,t5DaoJUTKuWf,278
279,Chatterbridge,Junette Dewicke,jdewicke7q@arstechnica.com,DuODcEHjk9WF,279
280,Vipe,Vanessa Flaonier,vflaonier7r@rambler.ru,ZZUzGfoxXw,280
281,Browseblab,Andromache Lefort,alefort7s@gravatar.com,ZanQZL18cyZ,281
282,Tanoodle,Anneliese Dyble,adyble7t@nyu.edu,jypzh5Ew,282
283,Gigashots,Whitaker Dunkley,wdunkley7u@nps.gov,3sEDUZEU,283
284,Tagtune,Shae Dabell,sdabell7v@jigsy.com,RsZ6PPk6JV,284
285,Quamba,Fayre Heiner,fheiner7w@so-net.ne.jp,bSJhfbrk,285
286,Babbleblab,Alie Casbourne,acasbourne7x@devhub.com,87RP9FC,286
287,Feedmix,Davidde Mugglestone,dmugglestone7y@globo.com,VXs7R6CDjKq,287
288,Mymm,Skip Tugman,stugman7z@chronoengine.com,wlYVOIr,288
289,Ailane,Clemente Scoggins,cscoggins80@globo.com,t7wFfF,289
290,Rhynyx,Maureene Dootson,mdootson81@ow.ly,kdPfoQFvAQ,290
291,Twitterbeat,Susannah Avramovic,savramovic82@japanpost.jp,8EbdGBQeHtfv,291
292,Dynazzy,Marcelle Bernard,mbernard83@noaa.gov,oLdpIyne,292
293,Yotz,Florence Mangenet,fmangenet84@artisteer.com,T6WNCUdRMpo,293
294,Oyonder,Frazer Kingaby,fkingaby85@latimes.com,TjaIF9u7,294
295,Youtags,Rosina Duinbleton,rduinbleton86@sciencedirect.com,D84PuGY58K,295
296,Thoughtmix,Cary Genery,cgenery87@deviantart.com,hzVoay,296
297,Zooveo,Nalani Bakes,nbakes88@independent.co.uk,VpOiCF,297
298,Trunyx,Griff Charity,gcharity89@constantcontact.com,9FQrvxPdS77,298
299,Viva,Shandie Whoolehan,swhoolehan8a@yolasite.com,oqJ6DRD,299
300,Voonder,Hobie Trowsdale,htrowsdale8b@ucoz.ru,eEMb9RarD7o,300
301,Skibox,Rhianna Toland,rtoland8c@g.co,KflS7b,301
302,Vinte,Jo-anne Arnefield,jarnefield8d@jugem.jp,hlWXd1maM,302
303,Wikizz,Meara Lammerding,mlammerding8e@cafepress.com,uJzAopYNgQ,303
304,Jaxnation,Nelle Jesteco,njesteco8f@sitemeter.com,du4D2Q8h1j,304
305,Jabbertype,Daria Marchment,dmarchment8g@mtv.com,zt0pX8dfy,305
306,Yakitri,Miguel Collcott,mcollcott8h@ftc.gov,GNqgehPI,306
307,Oyope,Dagmar Pretti,dpretti8i@edublogs.org,v4FX7OGjl,307
308,Mita,Leonelle Calbert,lcalbert8j@paypal.com,uO7oKrCQLy,308
309,Twinder,Cris Tegeller,ctegeller8k@amazon.com,5glywHCx4,309
310,Yadel,Ferrel Osment,fosment8l@wired.com,g7yaq9T,310
311,Divanoodle,Gratia Aubrey,gaubrey8m@etsy.com,xT3830lA6m2m,311
312,Trilith,Taryn Marriage,tmarriage8n@issuu.com,dwWDUP0,312
313,Livepath,Reagen Waylen,rwaylen8o@slashdot.org,AO4qXkNqdK0,313
314,Jabbersphere,Griffy Tummond,gtummond8p@123-reg.co.uk,8tCeMKk4HYt,314
315,Oyondu,Bernie Vogele,bvogele8q@usda.gov,tctAjPllQf,315
316,Skipfire,Corilla Mothersdale,cmothersdale8r@geocities.com,8XHUfqGy79kg,316
317,Kwinu,Annetta Americi,aamerici8s@scribd.com,UoIzd9d09,317
318,Riffpedia,Farica Andrus,fandrus8t@mail.ru,ZRdWbm1s,318
319,Skivee,Ermengarde Pallent,epallent8u@cbsnews.com,YIDcZXUGKW,319
320,Midel,Shawn Durrant,sdurrant8v@youku.com,GURUMXdFrXJ,320
321,Topiclounge,Cass Medwell,cmedwell8w@parallels.com,UiEK8iWASW2B,321
322,Zooveo,Rufus Stirrup,rstirrup8x@squarespace.com,PDdMdFa,322
323,Rhyzio,Rriocard Aish,raish8y@jigsy.com,1hI0s4p,323
324,Photofeed,Skylar Madgewick,smadgewick8z@weibo.com,m6ijfrC5bgJ,324
325,Lazz,Sascha Gobbet,sgobbet90@ftc.gov,YNTRmKoOCR,325
326,Camido,Tripp Bussens,tbussens91@eepurl.com,vQDHfA2Ta,326
327,Feedmix,Lemmy Denholm,ldenholm92@microsoft.com,ZaXJ2CwFq,327
328,Wordware,Dilan Gleaves,dgleaves93@mac.com,642f9KoSSKLl,328
329,Thoughtbeat,Shelley Arnaldy,sarnaldy94@hhs.gov,PcVI0lp,329
330,Kaymbo,Carolynn Sumnall,csumnall95@ning.com,1oslyiuM,330
331,Rhynyx,Nell Cescotti,ncescotti96@ning.com,YLJPk2RjT7m,331
332,Thoughtblab,Melamie Borkin,mborkin97@sbwire.com,hl8xwdp,332
333,LiveZ,Osbourne Crowson,ocrowson98@disqus.com,VIED1doKNwcx,333
334,Yabox,Antonetta Geyton,ageyton99@fc2.com,7IsNGScT2B6g,334
335,Eidel,Emera Rippen,erippen9a@tripadvisor.com,muG4G9IlU2KK,335
336,Blogtag,Kirk Egglestone,kegglestone9b@geocities.com,RGmRoL5,336
337,Linkbuzz,Silvan Blaine,sblaine9c@patch.com,IafihVBPng,337
338,Livetube,Kylie Duthie,kduthie9d@columbia.edu,HSmttuk8eSm,338
339,Latz,Bard Shepard,bshepard9e@spiegel.de,QlNeYJ,339
340,Jatri,Sauncho Robichon,srobichon9f@redcross.org,qtHpn83x,340
341,Leenti,Giavani Halwill,ghalwill9g@samsung.com,88L8QXKp,341
342,Tagopia,Harcourt Klimkov,hklimkov9h@tumblr.com,vLBsEn,342
343,Wordify,Clio Tinker,ctinker9i@stumbleupon.com,x2MnMt,343
344,Centimia,Darbee Bowmaker,dbowmaker9j@i2i.jp,gk1QFHsr,344
345,Rhyzio,Cristiano Freear,cfreear9k@thetimes.co.uk,ozW5LW,345
346,Talane,Guillema McIntee,gmcintee9l@tinypic.com,TAKpJG,346
347,Jamia,Jobye Rojahn,jrojahn9m@mail.ru,RTtL3p,347
348,Centizu,Scarlet Pietzke,spietzke9n@weebly.com,ZTSdebPv,348
349,Gevee,Torey Cargo,tcargo9o@guardian.co.uk,A2UUZV9,349
350,Shuffletag,Aline Benaine,abenaine9p@sun.com,Mcyz3qe7jOdG,350
351,Brainsphere,Ludovico Labon,llabon9q@tmall.com,jC1HMdn8WM6,351
352,Kwimbee,Kanya O'Rourke,korourke9r@hostgator.com,eqYlrbLm,352
353,Ntag,Prince Mellenby,pmellenby9s@booking.com,pF8eTtCWgR,353
354,Divape,Maris Rearie,mrearie9t@ezinearticles.com,C6Rzm2y,354
355,Flipopia,Forester De Ruel,fde9u@google.es,fIGVSoNk,355
356,Quinu,Amberly Froud,afroud9v@ft.com,l2b8KI,356
357,Myworks,Sher Barbrick,sbarbrick9w@tmall.com,IkssGKf,357
358,Dabvine,Vyky Tavener,vtavener9x@eepurl.com,QHIRPMZsHjrZ,358
359,Linktype,Owen Beharrell,obeharrell9y@twitter.com,S2KLcTs,359
360,Dabvine,Maurizio Pochin,mpochin9z@gmpg.org,DTOtNXlWD3b,360
361,Riffpath,Maxim Westmancoat,mwestmancoata0@sina.com.cn,j3f2jP,361
362,Rhycero,Jeni Roggieri,jroggieria1@un.org,4EbyFE,362
363,Gigabox,Herc Rankmore,hrankmorea2@aol.com,0xxsfI5tC,363
364,Voolia,Suzy Plaister,splaistera3@mashable.com,0BkAMiG,364
365,Gabvine,Fairlie Canner,fcannera4@microsoft.com,Kcg0UEH,365
366,Meezzy,Felic Klassman,fklassmana5@devhub.com,L5STGvjvF,366
367,Reallinks,Garvy Babon,gbabona6@mapquest.com,d9h8d2ybAbK,367
368,Mycat,Charity Gever,cgevera7@imageshack.us,MZXq5mUy6,368
369,Twitterbeat,Gwenette Jephcote,gjephcotea8@globo.com,l2jj60Z40,369
370,Ntags,Fleming Fidilis,ffidilisa9@webmd.com,ihqu1yx,370
371,Skyba,Tracey Birt,tbirtaa@163.com,wbJBqrv0m,371
372,Mita,Braden O' Cuolahan,boab@globo.com,bE4aFBE,372
373,Aibox,Rosina Niemiec,rniemiecac@elegantthemes.com,pNh4tq8,373
374,Plambee,Gayel Sibbert,gsibbertad@hibu.com,VVMBR3YMJu6,374
375,Abatz,Jeanna Kaliszewski,jkaliszewskiae@msu.edu,wgeDUvR7FSAX,375
376,Yozio,Hall Kinsett,hkinsettaf@g.co,NnOBAYFx,376
377,Skyvu,Madelaine Gavahan,mgavahanag@tinypic.com,1drm0qZbx,377
378,Tavu,Keefe Oakwell,koakwellah@domainmarket.com,GaXwpL,378
379,Flashspan,Drucy Alpes,dalpesai@mayoclinic.com,quD2Xe,379
380,Meeveo,Tedie Farrant,tfarrantaj@oaic.gov.au,wZXeXK55e,380
381,Centidel,Tucker Verralls,tverrallsak@webnode.com,d17Ri9oR,381
382,Bluezoom,Ethelin Korlat,ekorlatal@aboutads.info,AYzMUDq5zuMf,382
383,Yotz,Tandy Rump,trumpam@drupal.org,0sfgkGNiT,383
384,Skinder,Bobinette Springell,bspringellan@upenn.edu,Zok64rWE,384
385,Feedbug,Van Paulucci,vpaulucciao@mediafire.com,9YzZAzGdmWi1,385
386,Gevee,Anna-diane Jeacocke,ajeacockeap@barnesandnoble.com,3q1J4vDM7,386
387,Brightbean,Archie Presman,apresmanaq@pcworld.com,X3xU9QGQMta,387
388,Eare,Sissie Leaming,sleamingar@bing.com,SNZZhztrOXg,388
389,Mita,Iago Serridge,iserridgeas@nifty.com,SK1FfwYENLo,389
390,Dynabox,Gillian Chastand,gchastandat@uol.com.br,lDDRLPT0WPdp,390
391,Jamia,Suzi Lock,slockau@globo.com,ZfWO66mdm,391
392,Topicblab,Pippy Brandham,pbrandhamav@jiathis.com,gkgKxTmq,392
393,Shuffletag,Magdalen Thomazet,mthomazetaw@kickstarter.com,ymQmtE,393
394,Agivu,Oralia Gibling,ogiblingax@youtube.com,vG3ipxZ3,394
395,Fatz,Derry Weldon,dweldonay@w3.org,llojwZuqld,395
396,Thoughtstorm,Thibaud Gurdon,tgurdonaz@addtoany.com,wB8Hb0Z3,396
397,Twitterbeat,Ruperta Phebey,rphebeyb0@sbwire.com,FzppWPvwbic,397
398,Ozu,Fawn MacNab,fmacnabb1@vinaora.com,uzHlln0uIPB,398
399,Katz,Philis Kaveney,pkaveneyb2@umich.edu,E7Jsai9SOm,399
400,Buzzdog,Fionnula Barkus,fbarkusb3@quantcast.com,U67Qc0tMrwz,400
401,Skyndu,Peyton Leemans,pleemansb4@squidoo.com,qomvpC6,401
402,Trilith,Denyse Fonquernie,dfonquernieb5@sun.com,hCiHxr1LOE4s,402
403,Pixoboo,Tamra Stabbins,tstabbinsb6@hibu.com,ooIaIpvIM,403
404,Devbug,Turner Hindenburg,thindenburgb7@simplemachines.org,PEmWxMdq,404
405,Dabvine,Sharia Baldetti,sbaldettib8@ebay.co.uk,XHV6HNf99h,405
406,Podcat,Marje Sockell,msockellb9@constantcontact.com,PBBLWC,406
407,Fliptune,Dorotea Cowlam,dcowlamba@imgur.com,Fsiivf,407
408,Brightdog,Wake Suddell,wsuddellbb@slate.com,aq0KdjQms,408
409,Eadel,Nolana Jessup,njessupbc@ucoz.com,IHn4Ng,409
410,Demimbu,Lauree Heister,lheisterbd@unesco.org,0E6u5KJl,410
411,Jabbersphere,Elsy Siddon,esiddonbe@reuters.com,9O56FjMAGb4Y,411
412,Thoughtstorm,Curtis Shoebridge,cshoebridgebf@bloglovin.com,YxE5uQz,412
413,Muxo,Shantee Nisco,sniscobg@shop-pro.jp,WhZC0yZN,413
414,Edgeclub,Vicky Spinnace,vspinnacebh@acquirethisname.com,RP73Ec,414
415,Brightbean,Mella Odeson,modesonbi@imdb.com,0iDBOaqLJ5p,415
416,Cogibox,Rance Ricciardelli,rricciardellibj@nyu.edu,QQEb5KxNUnj,416
417,Trudeo,Rorke Brownbill,rbrownbillbk@eepurl.com,B4cRVhblecL,417
418,Oyoloo,Keane Etienne,ketiennebl@yolasite.com,5f5Shic,418
419,Twitterwire,Jodie Neild,jneildbm@so-net.ne.jp,uxlB1kA99b4k,419
420,Vitz,Rod Jennemann,rjennemannbn@europa.eu,ROYPb4a8,420
421,Youbridge,Carolina Sutch,csutchbo@tuttocitta.it,JV9YhvMP,421
422,Teklist,Cara Chadwyck,cchadwyckbp@amazon.com,Lzh8PimCf,422
423,Thoughtsphere,Inge Estoile,iestoilebq@wikipedia.org,7rGPHgG,423
424,Fadeo,Chiquia Satch,csatchbr@domainmarket.com,2cfB37V,424
425,Photobug,Andee Filipyev,afilipyevbs@eventbrite.com,mSRemhGfP0LH,425
426,Meejo,Gerhardine Tyhurst,gtyhurstbt@csmonitor.com,V4l2H0FIuHu,426
427,Feedspan,Denice Bellerby,dbellerbybu@auda.org.au,JrVjMpVgIdx9,427
428,Gigashots,Brianna Rutledge,brutledgebv@instagram.com,q2UKNvrqyR8e,428
429,Flipbug,Darb Headrick,dheadrickbw@elegantthemes.com,yTA1ef0w,429
430,Thoughtbeat,Jonis Boch,jbochbx@independent.co.uk,7e0ZwRXwNjD,430
431,Eayo,Devy Carlesi,dcarlesiby@arizona.edu,V69SlZT,431
432,Tagcat,Pepillo Parncutt,pparncuttbz@skype.com,1rGqDog,432
433,Browsezoom,Pate Freschi,pfreschic0@hp.com,MraSvg,433
434,Edgeify,Zandra Cellier,zcellierc1@paypal.com,1quV7KXt,434
435,Shuffletag,Tades Dungay,tdungayc2@weibo.com,qLaxBei0,435
436,Jetpulse,Jeanelle Haugen,jhaugenc3@amazonaws.com,K6bmRYFS9sOF,436
437,Bubblebox,Maryellen Spray,msprayc4@prweb.com,BYpJHgKW,437
438,Mydeo,Kylynn Goodfield,kgoodfieldc5@last.fm,HfZ33YF,438
439,Minyx,Chen Bustin,cbustinc6@wikimedia.org,VCETYiOK,439
440,Devpoint,Blithe Meiningen,bmeiningenc7@go.com,RxCIkDT,440
441,Skinix,Derry Duckinfield,dduckinfieldc8@uiuc.edu,kONDkwZ0U2Y3,441
442,Jetwire,Jocelyn Gerriets,jgerrietsc9@vimeo.com,jOd22kd,442
443,Centizu,Dillie Asp,daspca@spiegel.de,Oasrl3TaN1,443
444,Fadeo,Thorin Cullinan,tcullinancb@merriam-webster.com,0uL0eaFx3IGy,444
445,Jaxnation,Ninon Gilbody,ngilbodycc@imdb.com,oL57Yuo5,445
446,Meeveo,Zandra Valero,zvalerocd@springer.com,DCNok3zGaH,446
447,Edgepulse,Caesar Hernik,chernikce@narod.ru,zy7nFI2af6gU,447
448,Dabshots,Moyna Wooland,mwoolandcf@biglobe.ne.jp,7LBr56P,448
449,Bluejam,Eben Kiely,ekielycg@amazon.de,M1oVQJVKpsw,449
450,Rhynyx,Seana Roseveare,srosevearech@rediff.com,8n4ssIj,450
451,Jetwire,Rock Bough,rboughci@ucoz.ru,MCKWZeY9,451
452,Centizu,Nevile Domoni,ndomonicj@java.com,XEzPVG7fGJge,452
453,Trupe,Inge Chevalier,ichevalierck@nsw.gov.au,WXfocmrVJq,453
454,Eire,Lazare Desaur,ldesaurcl@dagondesign.com,HKSpexgjf,454
455,Dablist,Felix Jancik,fjancikcm@sohu.com,52ZfVu6,455
456,Voomm,Marc Philbin,mphilbincn@apache.org,bNfmQ87yLm1,456
457,Yadel,Patrice Male,pmaleco@icio.us,3Ek0EZHDED,457
458,Trudeo,Normand Huot,nhuotcp@blogspot.com,5Q6DrTgYi4Y,458
459,Youbridge,Celie Spear,cspearcq@mayoclinic.com,L5PdFs5be,459
460,Blognation,Dru Cornejo,dcornejocr@baidu.com,q8tjQQ,460
461,Trilia,Nikos Greated,ngreatedcs@e-recht24.de,SxeTcC6Bn,461
462,Gigabox,Jerome Noblett,jnoblettct@msn.com,WsXhVfGCo5F,462
463,Skinder,Edmund Blethin,eblethincu@wordpress.org,JOJXW3q,463
464,Twitternation,Babs Harwin,bharwincv@seattletimes.com,MralaK8,464
465,Skinder,Rudiger Golsby,rgolsbycw@soup.io,5Xylt8VsBb,465
466,Topicshots,Gloria Garnul,ggarnulcx@clickbank.net,rOFCUFlP,466
467,Pixoboo,Lyle Jeromson,ljeromsoncy@upenn.edu,rSraahDdt,467
468,Avavee,Dougy Cossins,dcossinscz@goo.gl,lFpKHJd,468
469,Twitterwire,Elia Grishechkin,egrishechkind0@stanford.edu,vIKXoCHZP,469
470,Kwimbee,Marie-jeanne Iorns,miornsd1@foxnews.com,YkzVTMg,470
471,Wordify,Bertram Slavin,bslavind2@yolasite.com,fF1Vi0U,471
472,Voonyx,Cordey Somerlie,csomerlied3@earthlink.net,NE2m0Jv8TS,472
473,Flipstorm,Yorgos Abdie,yabdied4@elegantthemes.com,dqs6ny6OF,473
474,Quamba,Elli Bohlens,ebohlensd5@booking.com,i383ai5c4,474
475,Zoombeat,Daphene Notti,dnottid6@bing.com,nILht9ri,475
476,Jetpulse,Stanwood Coomes,scoomesd7@list-manage.com,tdrvAPASqZ,476
477,Wordware,Humphrey Candy,hcandyd8@parallels.com,lX49ftN,477
478,Innojam,Harold Caldicot,hcaldicotd9@php.net,DjAYJxrI,478
479,Feedmix,Jan McGorman,jmcgormanda@sbwire.com,jma0GPmSOqE,479
480,Leexo,Meriel Girod,mgiroddb@technorati.com,GGTzVc,480
481,Bubbletube,Penelopa Maffini,pmaffinidc@networksolutions.com,p27bEl0nm,481
482,Shuffledrive,Hewett Gerrans,hgerransdd@freewebs.com,qp1Xmq,482
483,Yadel,Stinky Atthow,satthowde@mail.ru,RwndWwDeH,483
484,Kwideo,Fleming Belcher,fbelcherdf@constantcontact.com,wy2byAQMG,484
485,Aimbo,Darryl Load,dloaddg@discuz.net,YlOIQm9mjK6,485
486,Quimm,Eustace Lanbertoni,elanbertonidh@yelp.com,D9dKzSk3p,486
487,Devbug,Heidie Bownas,hbownasdi@howstuffworks.com,8kw9f7JFugD,487
488,Divanoodle,Odey Peschke,opeschkedj@dion.ne.jp,eGF7kwr,488
489,Skiptube,Megan Gittoes,mgittoesdk@lulu.com,u3AMUII,489
490,Riffwire,Carolyn Tunnacliffe,ctunnacliffedl@merriam-webster.com,YAWuSYQjdDZ,490
491,Feedfish,Baron Winkless,bwinklessdm@domainmarket.com,9q8mSXBJSvli,491
492,Digitube,Zacharia Haggarth,zhaggarthdn@ox.ac.uk,dC7b2Aw4Hw7,492
493,Devbug,Tobe Laphorn,tlaphorndo@163.com,Yv3PQwU,493
494,Eimbee,Helaine Mines,hminesdp@barnesandnoble.com,a4xbQ3RI,494
495,Skinder,Linnea Paragreen,lparagreendq@yandex.ru,GONhAjNUB0,495
496,Meeveo,Byrann Eddie,beddiedr@arstechnica.com,i3df92,496
497,Topiclounge,Zachary Devonshire,zdevonshireds@reverbnation.com,xciaV5Tz5l,497
498,Geba,Filide Yemm,fyemmdt@technorati.com,RpkXVPH4ju,498
499,Yotz,Willy Lichtfoth,wlichtfothdu@jalbum.net,LqJ4Ygt1I,499
500,Quamba,Rhea Tuck,rtuckdv@adobe.com,eXVT2Drv,500
501,Yamia,Averyl Joselevitz,ajoselevitzdw@google.ca,QvrPdPuQ,501
502,Twitterwire,Lina Bulgen,lbulgendx@craigslist.org,T9oS6ZL0h,502
503,Browsebug,Caro Deshorts,cdeshortsdy@umn.edu,0kxdge1dra,503
504,Jaxworks,Annabella Blagden,ablagdendz@reuters.com,88j65rNO,504
505,Dynazzy,Amity Knell,aknelle0@dot.gov,ny9BU6QU6WKP,505
506,Vipe,Cece Currom,ccurrome1@liveinternet.ru,sridl3dUEp,506
507,Twitterbridge,Karolina Noades,knoadese2@digg.com,M0BQ8U,507
508,Photobug,Angil Harridge,aharridgee3@dedecms.com,5T2COMRKZ4WT,508
509,Muxo,Kathie Wrettum,kwrettume4@irs.gov,HNNDGms,509
510,Buzzshare,Frieda Morgen,fmorgene5@europa.eu,yYCbtoB7rcv,510
511,Skinder,Tobe Hindhaugh,thindhaughe6@blog.com,B2pqQrdSY6,511
512,Eazzy,Benson Winks,bwinkse7@blog.com,UJO8gk,512
513,Skinder,Wesley Mulrooney,wmulrooneye8@indiatimes.com,m0EVjjQeC5,513
514,Thoughtstorm,Harriet Ganley,hganleye9@tuttocitta.it,5BgxBqH3,514
515,Riffpedia,Killie McFarlan,kmcfarlanea@digg.com,aFDoCfFNk0n,515
516,BlogXS,Floria McRobert,fmcroberteb@cnn.com,euTwSJOiX,516
517,Gabtype,Leigh Walduck,lwalduckec@geocities.jp,XyS3y25LiN45,517
518,Eayo,Orelie Trynor,otrynored@domainmarket.com,JlBZfWGa,518
519,Zooveo,Cary Kennedy,ckennedyee@gnu.org,NTc00m6gIAZK,519
520,Jaxbean,Silvio Daniele,sdanieleef@theglobeandmail.com,Ee1kNleODi4l,520
521,Browsedrive,Jarid Rodgers,jrodgerseg@odnoklassniki.ru,RrjtlTX,521
522,Blogspan,Brett Quirk,bquirkeh@psu.edu,iUVgB3PnN,522
523,Jaxnation,Lindy Gowans,lgowansei@prweb.com,iMAkD7P,523
524,Skinte,Agnola Hothersall,ahothersallej@state.tx.us,W3QH6Ei,524
525,Gigabox,Fayth Letterick,fletterickek@blogtalkradio.com,mRwMk398G,525
526,Wikido,Bria Bonwell,bbonwellel@discuz.net,kZWsSx0Crl,526
527,Jaxbean,Aurthur Doerling,adoerlingem@gravatar.com,YXGaAr,527
528,Izio,Fanny Sever,fseveren@typepad.com,uh620QMUMLfM,528
529,Yata,Teddie Seeger,tseegereo@addthis.com,0ILOKh,529
530,Voolia,Evvy Giuron,egiuronep@who.int,LOwXpoC,530
531,Thoughtmix,Muffin Mughal,mmughaleq@blogspot.com,CjMd3SC6dkCz,531
532,Myworks,Mariette Goater,mgoaterer@hao123.com,w5bksRFT,532
533,Tagtune,Angel Bussey,abusseyes@marketwatch.com,Cx3mvQeGgHc,533
534,Dabvine,Crosby Mew,cmewet@chronoengine.com,BDbTqxJ3ViFv,534
535,Livetube,Aleksandr Kinner,akinnereu@opensource.org,a58zBENfp,535
536,Mudo,Paule MacTerlagh,pmacterlaghev@sohu.com,wgvR1N,536
537,Voomm,Nana Dunley,ndunleyew@sourceforge.net,HRbrSs,537
538,Oozz,Salomon Kettoe,skettoeex@wix.com,mw0s0cf,538
539,Twinder,Trey Joriot,tjoriotey@businesswire.com,nnyW2Lzrsbv,539
540,Ainyx,Ettore Drogan,edroganez@ca.gov,TWP6Rel,540
541,Skiba,Vinson Kenward,vkenwardf0@furl.net,c8XT7rWB,541
542,Browseblab,Clair Ellwood,cellwoodf1@phoca.cz,iv1pARQ,542
543,Tagcat,Modestine Richardeau,mrichardeauf2@senate.gov,N8S9XB4CjGGd,543
544,Brainsphere,Berthe Muschette,bmuschettef3@nymag.com,PVDuOfy95cJ,544
545,Voomm,Rhodia Caple,rcaplef4@ezinearticles.com,lNBtmBe5nf6,545
546,Topicware,Jon Lanston,jlanstonf5@oaic.gov.au,nRgFmpN,546
547,Topiczoom,Webster McSpirron,wmcspirronf6@csmonitor.com,ivNKQFO,547
548,BlogXS,Sarene Chaldecott,schaldecottf7@hubpages.com,YUPIXRt0FhC5,548
549,Fadeo,Cassaundra Everleigh,ceverleighf8@paypal.com,rPIAAwmTrnB,549
550,Edgeblab,Joann Coen,jcoenf9@123-reg.co.uk,oNszIFdmZk,550
551,Eazzy,Daniele Moseley,dmoseleyfa@shop-pro.jp,PCN8jON4O,551
552,Trilia,Kailey Edelheid,kedelheidfb@scientificamerican.com,BO1ekvqa,552
553,Buzzbean,Trixy Traylen,ttraylenfc@blogspot.com,afQPbj6bOl,553
554,Skinder,Kathryne Jeandin,kjeandinfd@nhs.uk,hwsboB,554
555,Flipopia,Fernanda Baudic,fbaudicfe@cafepress.com,LWp5f9wKh,555
556,Ooba,Patric Flaune,pflauneff@cnet.com,mwwc9b,556
557,Edgeify,Rey Clement,rclementfg@youku.com,0xY83d,557
558,Lazzy,Demott Heigold,dheigoldfh@freewebs.com,BD3qlxjzkQ,558
559,Brainbox,Yancy O' Hanvey,yofi@diigo.com,fuKhQDBzXPIG,559
560,Agimba,Jasun Stert,jstertfj@example.com,zsMura43Tl,560
561,Realcube,Shelly Widdall,swiddallfk@fotki.com,58pBVF,561
562,Brightbean,Kennan Bront,kbrontfl@blinklist.com,QJ4BPNEt,562
563,Tagfeed,Tiebout Bukac,tbukacfm@google.fr,PDzvOv,563
564,Jayo,Barret Smead,bsmeadfn@cocolog-nifty.com,rAdQ48psnZ,564
565,Blogtag,Jennee Rittmeier,jrittmeierfo@shinystat.com,sJxkyg9Ip,565
566,Chatterbridge,Fannie Wittey,fwitteyfp@issuu.com,xfsW69PVAHB,566
567,Shufflebeat,Breena Ortes,bortesfq@dropbox.com,Xt1sAXSmxHeO,567
568,Layo,Pearline Doey,pdoeyfr@amazon.co.jp,92oB9RVK0Rdy,568
569,Linkbuzz,Reinhard Donovin,rdonovinfs@vkontakte.ru,QEh9XSbx9B,569
570,Jaxnation,Tyne Braksper,tbraksperft@reverbnation.com,LrGXwu1Q4qGV,570
571,Devpulse,Lacey Doodney,ldoodneyfu@imgur.com,4zlOYFBMFfyE,571
572,Kare,Clarie Sheddan,csheddanfv@moonfruit.com,BH9QftM0,572
573,Topicblab,Rupert Eagger,reaggerfw@liveinternet.ru,vqbIkNBZ,573
574,Twiyo,Suzi Galliard,sgalliardfx@wikimedia.org,TlOp5FU,574
575,Mydo,Heda Hyams,hhyamsfy@spiegel.de,XbhUjp,575
576,Voonix,Hewet Bucke,hbuckefz@forbes.com,hv9AbdPuj,576
577,Dynava,Drusie Gloster,dglosterg0@sogou.com,1DoN3J6v0Q,577
578,Riffpedia,Hubey Balentyne,hbalentyneg1@prnewswire.com,M6mWST5IRbF,578
579,Flashdog,Donnie Canfer,dcanferg2@nymag.com,yHKadOdyc,579
580,Janyx,Stanleigh Bevan,sbevang3@about.me,WDmiRdLs,580
581,Devcast,Clair Monsey,cmonseyg4@cpanel.net,8NLoVp9rFSug,581
582,Meeveo,Harald Bunting,hbuntingg5@eepurl.com,X0BBJad,582
583,Lajo,Caron Sollis,csollisg6@ibm.com,5EDAvU5Izgh,583
584,Yabox,Eve Ahren,eahreng7@imgur.com,UiHcx9fK,584
585,Livetube,Olly Greeveson,ogreevesong8@printfriendly.com,eUuxOdVGz,585
586,Jaxworks,Randy Northedge,rnorthedgeg9@freewebs.com,BcFFM3R2X5,586
587,Jaxspan,Christophorus Connue,cconnuega@psu.edu,ga80nvcXS2,587
588,Linkbridge,Gayler Perche,gperchegb@indiegogo.com,JBG1AZ,588
589,Vinte,Stillman Records,srecordsgc@msn.com,o2moC3xm2,589
590,Eabox,Jesse Rudman,jrudmangd@addthis.com,CE2gqccHwT,590
591,Realcube,Ashley Corradengo,acorradengoge@china.com.cn,SHxlWQW,591
592,Skiba,Courtnay Lotterington,clotteringtongf@ow.ly,gGdzbpNmx,592
593,Topiczoom,Isiahi Honniebal,ihonniebalgg@accuweather.com,2nb78BR8ijyA,593
594,Zazio,Donalt Well,dwellgh@npr.org,fwvo9heuvO0R,594
595,Linkbridge,Nata Stockill,nstockillgi@dion.ne.jp,fEerPzUcYW,595
596,Einti,Doria Lapides,dlapidesgj@wp.com,MXlx9SIz072,596
597,Photospace,Gayler Rapa,grapagk@example.com,MNXBF6u,597
598,Browseblab,Phaedra Diviny,pdivinygl@cdbaby.com,NDRO2gP,598
599,Dablist,Emmaline Reedick,ereedickgm@paypal.com,3wLa1p,599
600,Oyoyo,Friedrich Kleehuhler,fkleehuhlergn@cam.ac.uk,DtC6INW57ZT,600
601,Yakijo,Kipp Aldersea,kalderseago@spiegel.de,caTjDDv,601
602,Kwimbee,Moishe Chung,mchunggp@hhs.gov,Re8jnAI,602
603,Jaxworks,Mariann Tumulty,mtumultygq@ebay.co.uk,PmvfKzEWN,603
604,Tagchat,Ashlie Totman,atotmangr@liveinternet.ru,vU5pGmVU95,604
605,Myworks,Perkin Biermatowicz,pbiermatowiczgs@fastcompany.com,9GjuYwR1am,605
606,Zoomzone,Pascal Volante,pvolantegt@elpais.com,xfx550f17U7D,606
607,Trudeo,Brady Piele,bpielegu@vk.com,cgDsgC,607
608,Tanoodle,Klaus Meese,kmeesegv@slideshare.net,3Ca624I7Z0N,608
609,Viva,Carlin Duckerin,cduckeringw@xrea.com,kZ6ed9gg,609
610,Fadeo,Bruno Bunhill,bbunhillgx@icq.com,IeoFKO,610
611,Riffwire,Codie Hansman,chansmangy@loc.gov,CaA6mjxV,611
612,Skalith,Mattie Mullen,mmullengz@photobucket.com,pi1yZSG,612
613,Gigazoom,Benedick Audritt,baudritth0@state.gov,DQTVyAHN,613
614,Muxo,Ealasaid Philcott,ephilcotth1@vinaora.com,0DsQt1DE,614
615,Vinte,Shanan Doone,sdooneh2@princeton.edu,X2mQtXzgkPDT,615
616,Oozz,Boycey McGeachy,bmcgeachyh3@washingtonpost.com,YRAbQS5BHs,616
617,Feedmix,Pammy MacGaffey,pmacgaffeyh4@si.edu,X7eqOCev46,617
618,Yata,Malina Moth,mmothh5@ftc.gov,NSjUaw4,618
619,Jayo,Spike Gainfort,sgainforth6@upenn.edu,qB1uQhWX,619
620,Wordpedia,Rozele Reijmers,rreijmersh7@cam.ac.uk,J3wypJH2Tby,620
621,Fanoodle,Lorilyn McLeman,lmclemanh8@simplemachines.org,F4dHKv1XQfyn,621
622,Wikizz,Dolli Cribbins,dcribbinsh9@a8.net,3If1Sp,622
623,Ozu,Courtney Pugh,cpughha@ask.com,J5wRwCJ,623
624,Centimia,Cyndy Van Der Hoog,cvanhb@baidu.com,wRBGuamy,624
625,Fivebridge,Krishna Waite,kwaitehc@timesonline.co.uk,3hlemN,625
626,Livetube,Delly Ozintsev,dozintsevhd@latimes.com,eTYVUh,626
627,Trupe,Cindi Olding,coldinghe@wp.com,S2v5Qr0ah8,627
628,Jabbertype,Modesty Brise,mbrisehf@jugem.jp,QvjjfV7DZx7,628
629,Jayo,Alasteir Amer,aamerhg@cnet.com,3wmxDIA4T,629
630,Quinu,Flss Wennington,fwenningtonhh@webnode.com,XDNEEOncGr,630
631,Trudoo,Constanta Huggons,chuggonshi@mac.com,2KnTATdaJop,631
632,Einti,Davide Coldbathe,dcoldbathehj@jigsy.com,o9nRZls3TU,632
633,Zoozzy,Regen Gosford,rgosfordhk@hao123.com,V8Bj8Fp4YW,633
634,Zoomdog,Cherrita Sicha,csichahl@eepurl.com,Mc2hGNg,634
635,Brainverse,Clo Pullar,cpullarhm@blinklist.com,yx4mTON1,635
636,Fivechat,Kellsie Natwick,knatwickhn@reuters.com,HwDjkR,636
637,Skimia,Myles Roles,mrolesho@tripadvisor.com,WP32wPNz0G,637
638,Blognation,Royall Geyton,rgeytonhp@prnewswire.com,Jlq965EJXnB,638
639,BlogXS,Bethany Jakeway,bjakewayhq@behance.net,iqlJD5Xe,639
640,Blogtag,Fabiano Boykett,fboyketthr@phpbb.com,XVA4jiC,640
641,Tagtune,Nowell Machans,nmachanshs@histats.com,DwVmEH,641
642,Mynte,Clary Trahar,ctraharht@mozilla.com,P9bREPgRl8zj,642
643,Youspan,Lennie Duffer,ldufferhu@tinypic.com,aj7hmq427,643
644,Wordpedia,Georgianna Pedroni,gpedronihv@vimeo.com,pMEsS3eLL7TL,644
645,Voolia,Eric Luc,eluchw@archive.org,SOyad3ECXC,645
646,Jaxspan,Josh Stuffins,jstuffinshx@webmd.com,vfLQ3qilbi8a,646
647,Feedbug,Arliene Higgan,ahigganhy@telegraph.co.uk,Km6ydeedMRx,647
648,Skimia,Nils Taggerty,ntaggertyhz@mediafire.com,GTfgnrBxcHf,648
649,Skimia,Marabel Buckley,mbuckleyi0@163.com,T7eJ39xRb8,649
650,Topicshots,Maiga Donahue,mdonahuei1@nbcnews.com,cnFF62i,650
651,Thoughtstorm,Jesus Lambarton,jlambartoni2@xinhuanet.com,KbrcAqLnfb8,651
652,Twitterworks,Emyle Rizzardini,erizzardinii3@delicious.com,B4coO5zy,652
653,Kwilith,Laurence Sylvester,lsylvesteri4@naver.com,fSHXDx5cu,653
654,Vinte,Gennifer Cootes,gcootesi5@ow.ly,OpIKqvMlrt,654
655,Flashset,Benjamin Heyfield,bheyfieldi6@oakley.com,ocWop70a4,655
656,Cogidoo,Letitia Sopper,lsopperi7@foxnews.com,PIqxZYKw,656
657,Voomm,Chancey Linscott,clinscotti8@berkeley.edu,jNvWWZb2lA,657
658,Thoughtblab,Neal Tiebe,ntiebei9@ycombinator.com,dTx0ycUU,658
659,Rooxo,Almire Normavill,anormavillia@google.fr,ejJUyOH,659
660,Latz,Hollis Franssen,hfranssenib@shutterfly.com,tNAUgxdv,660
661,Skimia,Blaine Kupper,bkupperic@smh.com.au,BQZO8QCNSaV,661
662,Twinder,Lyndell Brimmell,lbrimmellid@biblegateway.com,Drz0Oq,662
663,Zoozzy,Farleigh McKeighen,fmckeighenie@chronoengine.com,8dKMYW2,663
664,Youspan,Christine Castro,ccastroif@sina.com.cn,dto1jzkMERVf,664
665,Blogtag,Addison Strutz,astrutzig@goo.ne.jp,IwkYLwUI7,665
666,Yozio,Leigh Petit,lpetitih@cbslocal.com,dk2iw07,666
667,Demizz,Gilberta Reihill,greihillii@google.es,VxMfIHmvJth,667
668,Yodo,Dehlia Garry,dgarryij@xing.com,3X3Hq7W,668
669,Kazio,Zea Verbruggen,zverbruggenik@spotify.com,3WWAAQPA,669
670,Jetpulse,Inglis Luxen,iluxenil@biglobe.ne.jp,1bZoKXTY,670
671,Yamia,Nollie Loveredge,nloveredgeim@istockphoto.com,nxU6BIjFwG,671
672,Meemm,Aurlie Pullen,apullenin@oracle.com,iQWCZ5f,672
673,Skalith,Corney MacKeller,cmackellerio@edublogs.org,ccRW7Oa7V,673
674,Twitternation,Kathe Rowan,krowanip@mozilla.com,7na8ifwW,674
675,Tanoodle,Nat Ferrieres,nferrieresiq@1688.com,dlSKfZ,675
676,Twitterlist,Gratia Ventura,gventurair@ihg.com,CU1uIi7kERrK,676
677,Gabcube,Edyth Pods,epodsis@blog.com,t18Ym5pLy,677
678,Skaboo,Antonina Washington,awashingtonit@oakley.com,J0npa7w,678
679,Rhyzio,Marjie Stocky,mstockyiu@marketwatch.com,kqXeHW,679
680,Eimbee,Matthus Fishly,mfishlyiv@patch.com,SZk85Qbo75,680
681,Ooba,Gavan Oertzen,goertzeniw@salon.com,DqKFe09BF,681
682,Centizu,Barbara-anne Keigher,bkeigherix@hhs.gov,1OFSykVEd2,682
683,Jatri,Pepe Pepon,ppeponiy@businessinsider.com,snb4s92wlh,683
684,Bubblebox,Fergus Scholard,fscholardiz@feedburner.com,LQ9UimAf,684
685,Twitterworks,Akim Hugues,ahuguesj0@wufoo.com,aeW8yq,685
686,Rhycero,Pia Sharrem,psharremj1@tuttocitta.it,NGNHRLe,686
687,Browsecat,Jarrod Balnave,jbalnavej2@reuters.com,dIIslu5v,687
688,Topicstorm,Gerri MacConneely,gmacconneelyj3@cbslocal.com,CAqBbC,688
689,Minyx,Bobbi Link,blinkj4@illinois.edu,e7n3WSixp540,689
690,Edgepulse,Aarika Posthill,aposthillj5@oracle.com,5frfZzXyS,690
691,Kazu,Amerigo Favey,afaveyj6@amazon.de,z5ArFs,691
692,Demivee,Codee Dunkerly,cdunkerlyj7@ucoz.com,chLnnhjRsGn7,692
693,Skimia,Waylin Chezelle,wchezellej8@topsy.com,9UdBYsaON4v,693
694,Thoughtstorm,Sherman MacConnel,smacconnelj9@nymag.com,qDH4AdopGmo,694
695,Yotz,Paulita Jedraszek,pjedraszekja@ifeng.com,IBVTf2OyE,695
696,Avamm,Xever Grandison,xgrandisonjb@hp.com,FFJvVL8bVi,696
697,Skidoo,Dallas Tilio,dtiliojc@desdev.cn,KJGZgUXaoFz,697
698,Vipe,Kaja Ferreri,kferrerijd@tinypic.com,ttSfwtN,698
699,Thoughtbeat,Toni Clemmett,tclemmettje@printfriendly.com,ftiDyYbm,699
700,Pixonyx,Nicoli Ziems,nziemsjf@yale.edu,UJQBSGd,700
701,Youspan,Cindelyn Danielot,cdanielotjg@bloglovin.com,3kRgvP2U,701
702,Oyope,Georgi Burchess,gburchessjh@dell.com,RiFMQhVHWXId,702
703,Feedfish,Robinia Aluard,raluardji@state.gov,okoBXlciwAWG,703
704,Zoomzone,Leonardo Pottage,lpottagejj@xing.com,jotSyEBr0oti,704
705,Realcube,Gretta Sargood,gsargoodjk@washington.edu,uNOvZTmbKWN,705
706,Yodel,Gabriela Chat,gchatjl@hibu.com,NcGuJYdjT67,706
707,Rhynoodle,Muhammad Rottgers,mrottgersjm@simplemachines.org,NC5gj9AOhsi,707
708,Dynabox,Tabbie Bowlesworth,tbowlesworthjn@nsw.gov.au,Tbnj7ln0o5,708
709,Rhyloo,Rodge Boxer,rboxerjo@usnews.com,DDhEesuSol,709
710,Centizu,Odetta Bonallick,obonallickjp@hhs.gov,AVR63CEt,710
711,Ailane,Kiley Scurry,kscurryjq@tiny.cc,zgmMVZ47,711
712,LiveZ,Chanda Mullally,cmullallyjr@fema.gov,5Bh1xG5DvYVC,712
713,Agimba,Ingrim Drake,idrakejs@yahoo.com,8fEPtS,713
714,Devify,Thain Authers,tauthersjt@ifeng.com,r1eDzFS24s,714
715,Voolia,Percival Litherborough,plitherboroughju@last.fm,MOYcx2XWqV1D,715
716,Realbridge,Auroora BoHlingolsen,abohlingolsenjv@house.gov,I8p880Wo,716
717,Muxo,Olly Rawcliffe,orawcliffejw@etsy.com,jkzuvFs2I,717
718,Voolia,Casie Newell,cnewelljx@cdc.gov,eQdTqZAKHach,718
719,Camido,Ree Barme,rbarmejy@hexun.com,zedCS3Qp,719
720,Mydeo,Tara Martusewicz,tmartusewiczjz@bbb.org,oLWJMECJ8tb,720
721,Browsecat,Renado Demkowicz,rdemkowiczk0@bandcamp.com,vba6YRUiy8Wg,721
722,Roomm,Welby Kleinsmuntz,wkleinsmuntzk1@apache.org,0XvyGWqfw4A,722
723,Brainbox,Bethanne Woolis,bwoolisk2@smh.com.au,gya0GyC,723
724,Quamba,Eberhard Cressey,ecresseyk3@pbs.org,YTgcdi,724
725,Twitternation,Genvieve Durdle,gdurdlek4@google.ca,dGqtuvtC1p3v,725
726,Thoughtworks,Glad Sturr,gsturrk5@utexas.edu,GPwsFpeGvvXm,726
727,Oloo,Ekaterina Duncan,eduncank6@yahoo.co.jp,3Ndk1Lq1,727
728,Tambee,Elicia Gravenell,egravenellk7@uol.com.br,UIkfYRcTKp8,728
729,Realcube,Tiena McIntee,tmcinteek8@walmart.com,7OMw8iOfRU4U,729
730,Edgeblab,Cinda Dooley,cdooleyk9@spiegel.de,UtjQ81IoNt0,730
731,Jaloo,Milka Marrill,mmarrillka@microsoft.com,FD7IINEeJx,731
732,Jaxspan,Darn Simeonov,dsimeonovkb@facebook.com,01KbIo,732
733,Tagchat,Roz Hoodless,rhoodlesskc@nyu.edu,j02FeaMgU6xz,733
734,Yata,Deina Jzhakov,djzhakovkd@twitpic.com,H2ZrDYMPVyNH,734
735,Browsebug,Nadiya Lyte,nlyteke@hexun.com,WlngoNa,735
736,Minyx,Conchita Crackel,ccrackelkf@livejournal.com,DMxQTxmbQirf,736
737,Twitterwire,Frank McGenis,fmcgeniskg@oaic.gov.au,iHKJnC0S8,737
738,Dynava,Marv Linggard,mlinggardkh@over-blog.com,5cuWwxI,738
739,Skyble,Mill Coucha,mcouchaki@nytimes.com,5dQ38JoE40K,739
740,Photobean,Virginie Reddel,vreddelkj@amazon.de,he3wqhZi2zwk,740
741,Trudeo,Ingelbert Hought,ihoughtkk@npr.org,DgZYiY6x,741
742,Tambee,Marilin O'Halleghane,mohalleghanekl@nhs.uk,rWHOGmqexflb,742
743,Voonyx,Robinet Gittus,rgittuskm@deviantart.com,PYuDWj,743
744,Yakitri,Dominic Tofano,dtofanokn@nifty.com,gWH9tgwGLiTB,744
745,Livetube,Lucine Goult,lgoultko@wp.com,pyLnOeOT,745
746,Yambee,Wash Livesley,wlivesleykp@reuters.com,euloBAy,746
747,Fatz,Willey Bettley,wbettleykq@technorati.com,GxS9QyC,747
748,Innotype,Blakelee Padwick,bpadwickkr@cafepress.com,sQKpNUD,748
749,Kwinu,Harriot Noyes,hnoyesks@soup.io,8NNG0PBqv,749
750,Jabbersphere,Tanny Sebrens,tsebrenskt@blogtalkradio.com,G05UIV6OPm,750
751,Jaxworks,Valerie Eustice,veusticeku@paginegialle.it,yP8TvFj,751
752,Layo,Penn Hoyes,phoyeskv@theatlantic.com,I54ClU,752
753,Pixoboo,Selma Lapley,slapleykw@bloglines.com,v7yp7Ry4VY,753
754,Wikizz,Eziechiele Freschi,efreschikx@mtv.com,UsugcJ,754
755,Meevee,Atlanta Eggar,aeggarky@ted.com,wWjDkL,755
756,Npath,Geoffrey Spurgin,gspurginkz@clickbank.net,hM7b4tb89bPr,756
757,Skynoodle,Sib Songer,ssongerl0@unicef.org,QOclGt33jA,757
758,Buzzster,Peggie Pawlick,ppawlickl1@taobao.com,ErGzKCJ,758
759,Meedoo,Bryna Kleine,bkleinel2@intel.com,mvqAah,759
760,Photobug,Robert Judkin,rjudkinl3@hc360.com,VVDEeeuPAA4,760
761,Gabtype,Dorree Billin,dbillinl4@smugmug.com,QQFv27q,761
762,Skidoo,Codi Folkes,cfolkesl5@usnews.com,zIIlf7r1y1,762
763,Quamba,Nicoli Screeton,nscreetonl6@toplist.cz,xjb2WFYD,763
764,Photobug,Briggs Kurton,bkurtonl7@wired.com,ODE1joxXlni,764
765,Jabbersphere,Rudolf Timmins,rtimminsl8@yellowbook.com,mYCnEA,765
766,Skiba,Una McGrail,umcgraill9@wordpress.com,bzYtslKHN3,766
767,Cogidoo,Caryn Jeandet,cjeandetla@engadget.com,70luUikTbP1W,767
768,Mycat,Lorenza Tims,ltimslb@dailymotion.com,0585KN,768
769,Demizz,Aldridge Philbin,aphilbinlc@sourceforge.net,jbe1NryESLB,769
770,Divavu,Lionel Zum Felde,lzumld@purevolume.com,nifsuhecBWn,770
771,Midel,Marcella Twaits,mtwaitsle@irs.gov,v3LCrvN,771
772,Photospace,Orin Lukehurst,olukehurstlf@nbcnews.com,ZGbKXYlP,772
773,Meezzy,Nil McGuigan,nmcguiganlg@plala.or.jp,CvRq5CmOP7vF,773
774,Devpulse,Arron Windress,awindresslh@ameblo.jp,0TkBpSdawa,774
775,Oozz,Philomena Islip,pislipli@drupal.org,zls4kJ,775
776,Agimba,Luis Campanelli,lcampanellilj@deliciousdays.com,5vBoLNfKL,776
777,Linklinks,Emily Brookson,ebrooksonlk@a8.net,xQUV12m62M,777
778,Vinder,Aloise Van den Broek,avanll@sphinn.com,QO8OQWYK,778
779,Rhyzio,Joyann Vinnicombe,jvinnicombelm@4shared.com,qJ0DFE6JUCNp,779
780,Vimbo,Eloisa Welberry,ewelberryln@google.ca,ojixpSTQ,780
781,Dazzlesphere,Susanetta Cotterill,scotterilllo@washingtonpost.com,oczV62nyl5b,781
782,Browsebug,Christean Gheraldi,cgheraldilp@mozilla.com,aD1YgbpSjwj,782
783,Skiba,Bryn Mustard,bmustardlq@accuweather.com,YW6gxRYWpDVG,783
784,Flashset,Upton Desborough,udesboroughlr@hp.com,WgxhwshYCit,784
785,Babblestorm,Gabby Hutten,ghuttenls@hud.gov,VA54QsBRPB,785
786,Ooba,Nestor Totton,ntottonlt@google.co.jp,prhTS1py,786
787,Yodel,Wait Younglove,wyounglovelu@theguardian.com,6meabpMsF6OC,787
788,Quatz,Nicko Bogace,nbogacelv@seattletimes.com,y3i8cR0N,788
789,Skidoo,Dud Davidovits,ddavidovitslw@w3.org,zU7HgZd,789
790,Meejo,Hodge Stanfield,hstanfieldlx@last.fm,cFOxCMEnl9,790
791,Twitterlist,Eziechiele Wandless,ewandlessly@nih.gov,LDThUstR,791
792,Thoughtstorm,Suzanna Cordeux,scordeuxlz@godaddy.com,3rneSOtWf9Ci,792
793,Eamia,Ashia Pottell,apottellm0@archive.org,GknUrAlW4qzl,793
794,Tanoodle,Algernon Attree,aattreem1@miibeian.gov.cn,IpNGwBiL,794
795,Kayveo,Zelig Gaskell,zgaskellm2@wired.com,dLk7MUyaU,795
796,Linktype,Putnam Spittle,pspittlem3@epa.gov,PfPQP3tQmB2,796
797,Cogidoo,Melisande Dionisio,mdionisiom4@php.net,hBdccg4IcGh1,797
798,Thoughtworks,Aloisia Sirman,asirmanm5@furl.net,RnGEyTtu2f5,798
799,Youtags,Filbert Bew,fbewm6@github.com,LG6Hdmh,799
800,Buzzdog,Ursuline Demead,udemeadm7@webmd.com,TomgiJ,800
801,Edgewire,Joane Fiddymont,jfiddymontm8@java.com,V3YPRNNI,801
802,Devify,Del Dongall,ddongallm9@accuweather.com,vIlCttQI,802
803,Eidel,Lydia Lattin,llattinma@elpais.com,bkUMh8BR,803
804,Divanoodle,Latrina Van Oord,lvanmb@chronoengine.com,oCzgYJwXse,804
805,Roombo,Erek Vasiltsov,evasiltsovmc@godaddy.com,6uB6sTbBW,805
806,Riffpedia,Ira Charte,ichartemd@utexas.edu,P3Wk9YbpE,806
807,Riffwire,Grata Northall,gnorthallme@fotki.com,bULpTh1Z,807
808,Youtags,Ingamar Ungaretti,iungarettimf@fc2.com,tgGm2Q,808
809,Lazzy,Nicholle Goldie,ngoldiemg@tripadvisor.com,GUaqPMEqel,809
810,Dablist,Lorant Hearsey,lhearseymh@usda.gov,GksXgvb,810
811,Skinder,Britt Biaggiotti,bbiaggiottimi@sciencedirect.com,1k0PVvji,811
812,Janyx,Jethro McNish,jmcnishmj@163.com,NbutQefBKR,812
813,Skipfire,Dar Mistry,dmistrymk@1688.com,1GHMILvV847,813
814,Kwilith,Rici Cicculini,rcicculiniml@themeforest.net,Q5Nz0u,814
815,Blogpad,Cory Charrington,ccharringtonmm@aboutads.info,1RF46xa,815
816,Topicstorm,Rosalind Primarolo,rprimarolomn@uiuc.edu,PD3WEK,816
817,Buzzbean,Wenona Nesbeth,wnesbethmo@posterous.com,vxG1Ob5Xo5s,817
818,Einti,Jacquelin Stanlack,jstanlackmp@hexun.com,B4JSnj,818
819,Demivee,Peggi Bader,pbadermq@fastcompany.com,okdsaNOiOVLS,819
820,Kaymbo,Lise Zum Felde,lzummr@bluehost.com,vEE8IuRGZpxb,820
821,Jayo,Nina Benditt,nbendittms@bing.com,bTXD9qZpv,821
822,Kwilith,Tabor Eckels,teckelsmt@google.de,TN1GwA1DF,822
823,Einti,Riordan Champneys,rchampneysmu@npr.org,EOo9eNii73,823
824,Leexo,Duane Barribal,dbarribalmv@baidu.com,u8lHjM6FX,824
825,Kwinu,Selia Dallimare,sdallimaremw@alibaba.com,husU7p,825
826,Blogspan,Job Casolla,jcasollamx@mysql.com,xHJg4rC,826
827,Browsecat,Alex Fortnum,afortnummy@cbc.ca,QqnozcOJy,827
828,Feedfire,Lorette Casin,lcasinmz@scribd.com,e7CTGdhnOKC,828
829,Meejo,Klarika Perigo,kperigon0@acquirethisname.com,jUIdS5vI,829
830,Meembee,Harlan Summerbell,hsummerbelln1@slideshare.net,8Vm3V2ZEU,830
831,Photofeed,Cam Plaister,cplaistern2@google.ca,hku7pcvccw,831
832,Gigaclub,Tildi Keave,tkeaven3@alibaba.com,RA1ZdZuXRTL,832
833,Feedspan,Ashli Champerlen,achamperlenn4@dedecms.com,F6JkMlAhaF,833
834,Skyvu,Krissy Lound,kloundn5@foxnews.com,6xVTNFy5b2,834
835,Devcast,Bruis Saxon,bsaxonn6@wired.com,kgUQ1idyIohy,835
836,Yozio,Pierrette Stolting,pstoltingn7@trellian.com,jx6UQon6D,836
837,Trilia,Thedrick Deesly,tdeeslyn8@deviantart.com,EY1K9s9tQP,837
838,Browsecat,Rici Glazier,rglaziern9@google.com.au,eNV9jzJayxFL,838
839,Jabbersphere,Jeddy Le Blanc,jlena@baidu.com,79EsyB,839
840,Miboo,Elroy Lowde,elowdenb@geocities.com,afbcABpj,840
841,Linkbridge,Jenica Feldfisher,jfeldfishernc@bigcartel.com,UuH6Tc,841
842,Vinder,Abagail Serotsky,aserotskynd@foxnews.com,ZyIAIpDG,842
843,Skyndu,Gerrard Ewins,gewinsne@desdev.cn,tKOhy4S,843
844,Thoughtblab,Maren Brooker,mbrookernf@jugem.jp,Oaua8Brl,844
845,Photospace,Cleo Chess,cchessng@4shared.com,8BGrpisUII,845
846,Devbug,Cyrille Laurenty,claurentynh@hostgator.com,3RQOBKHdLQyQ,846
847,Devify,Ashely Lutz,alutzni@blogtalkradio.com,97djXHLCFiY,847
848,Youspan,Charisse Youster,cyousternj@blogs.com,YaJg0BXffFd,848
849,Twiyo,Valry Swyre,vswyrenk@behance.net,mTOqo4pX4A,849
850,Fivechat,Aubree Chadwyck,achadwycknl@tinyurl.com,QesW82W,850
851,Kanoodle,Andreana Stagge,astaggenm@mapquest.com,cLZCg65pKBR2,851
852,Babbleblab,Rogerio Ciotto,rciottonn@networksolutions.com,LoUSReYPf,852
853,Buzzshare,Demetri Nason,dnasonno@quantcast.com,fFjFNgvs9,853
854,Devpulse,Dalenna Daily,ddailynp@virginia.edu,rv4MQn,854
855,Oodoo,Brenden Falshaw,bfalshawnq@ehow.com,sQbhjpK,855
856,Linkbuzz,Lonny Belloch,lbellochnr@yolasite.com,CyTEfdQ9Za,856
857,Quatz,Emilee Cryer,ecryerns@opensource.org,8JP6xaHTr,857
858,Minyx,Corbett Dawidowitz,cdawidowitznt@123-reg.co.uk,HOcxMzq7,858
859,Flipopia,Janifer Clyant,jclyantnu@weebly.com,qU4Utct86,859
860,Edgeclub,Timothea Symes,tsymesnv@ibm.com,pEG1EODi5eg,860
861,Gigaclub,Iver Gilardone,igilardonenw@nps.gov,18LVjHo,861
862,Latz,Leontine Alenikov,lalenikovnx@biblegateway.com,iUjIaMunwFM,862
863,Rhynoodle,Margeaux Boullin,mboullinny@forbes.com,Trer6jQfmjdw,863
864,Dabtype,Ruthy Gullick,rgullicknz@yale.edu,FVZdToicgO0I,864
865,Zoombeat,Aundrea Ormond,aormondo0@topsy.com,59a2cOtzwnbA,865
866,Trudeo,Addia Harrowing,aharrowingo1@senate.gov,XuFGLz,866
867,Zooxo,Linet Alf,lalfo2@oaic.gov.au,sD98CZ6SYp,867
868,Oba,Janella Jayume,jjayumeo3@about.me,lnVyQdiuF,868
869,Voonix,Eliza Berthelmot,eberthelmoto4@intel.com,KG0ViaBuGuOe,869
870,Flipbug,Charisse Battison,cbattisono5@reference.com,RL0SqgR1o,870
871,Kwideo,Timoteo Fidal,tfidalo6@phoca.cz,7N9dYd,871
872,Fivespan,Shane Grivori,sgrivorio7@naver.com,uEN2ms,872
873,Janyx,Aggi Dami,adamio8@nhs.uk,ZgFaFKejb,873
874,Flashdog,Allx Heathcott,aheathcotto9@networkadvertising.org,UdbN17JtV,874
875,Topiclounge,Jan Marushak,jmarushakoa@zdnet.com,Do7WBZE2imar,875
876,Skynoodle,Edward Minshaw,eminshawob@dailymotion.com,E6G3RR3,876
877,Gabvine,Donelle Sommerfeld,dsommerfeldoc@spotify.com,FV7lU162XV,877
878,Aibox,Terry Bushen,tbushenod@is.gd,BnxGLFBqEm,878
879,Avaveo,Amelina Brownbill,abrownbilloe@bbc.co.uk,eps3oR7,879
880,Tagfeed,Connie Lanceley,clanceleyof@hexun.com,iuaD1HG6x,880
881,Topiczoom,Enrico Arendt,earendtog@tinyurl.com,kWPqD8JwejE,881
882,Roodel,Scottie Skule,sskuleoh@ning.com,kIyplC5LP59S,882
883,Flipopia,Lilli Buckthorp,lbuckthorpoi@cdc.gov,BBCCms4,883
884,Divape,Ofilia Rizzo,orizzooj@wp.com,OAgTwD,884
885,Skalith,Hubey Rootham,hroothamok@domainmarket.com,3pdB2KexpI,885
886,Yodoo,Legra Cundict,lcundictol@facebook.com,gwX8dF3mTt,886
887,Mymm,Nicki Lonie,nlonieom@hao123.com,LOcYMvVY,887
888,Agimba,Elvera Burvill,eburvillon@yellowbook.com,LOD2xZzsFKbN,888
889,Rhycero,Idette Pasmore,ipasmoreoo@bbc.co.uk,AgwLCO,889
890,Quinu,Manfred Fantonetti,mfantonettiop@printfriendly.com,5vExLCDjQzT0,890
891,Buzzster,Rose Spoor,rspooroq@behance.net,VT5Z1ClF9,891
892,Oba,Caril Dukesbury,cdukesburyor@reuters.com,ODiYhGwZUwC,892
893,Vinte,Davina Duplock,dduplockos@mediafire.com,d0hyIT9uM,893
894,Zoonoodle,Zak Chaize,zchaizeot@livejournal.com,avpAFqQKIQql,894
895,Blogtags,Matteo Dominka,mdominkaou@blogspot.com,5mdU6IO1qyl,895
896,Meembee,Andree Gisbye,agisbyeov@domainmarket.com,mzc8GgxOJ,896
897,Rhybox,Matilde Foy,mfoyow@wunderground.com,LOTDne6Syq,897
898,Flashdog,Codie Stonbridge,cstonbridgeox@netscape.com,AfswCm,898
899,BlogXS,Shay Feltham,sfelthamoy@de.vu,A0V8B4Hyz,899
900,Thoughtbeat,Claiborn Raye,crayeoz@theatlantic.com,Mc4oRO,900
901,Rhyzio,Toma Grigolashvill,tgrigolashvillp0@meetup.com,wtpiLiSH,901
902,Wikizz,Camel Lutwyche,clutwychep1@walmart.com,Ogsz9LF,902
903,Voonte,Woodie Haycox,whaycoxp2@nasa.gov,8uauAJ1,903
904,Kwideo,Lynnell Braghini,lbraghinip3@nymag.com,pK1O6a,904
905,Trudeo,Melinde Fones,mfonesp4@google.pl,SIKWhLjIr,905
906,Trunyx,Brandie Betonia,bbetoniap5@nydailynews.com,WNjjmLL,906
907,Oyoba,Trip Tine,ttinep6@booking.com,v31mqMXEuyzy,907
908,Tagcat,Teresita Godbehere,tgodbeherep7@chicagotribune.com,U1yEspU,908
909,Jabbercube,Jacenta Battershall,jbattershallp8@sina.com.cn,jYZQdL5eG,909
910,Realbridge,Danice Benger,dbengerp9@phoca.cz,u5IcZI6ssa,910
911,Eazzy,Juline MacCroary,jmaccroarypa@wunderground.com,PwjaGK4,911
912,Youfeed,Cami Haistwell,chaistwellpb@goo.ne.jp,aw88fU4Mj,912
913,Ozu,Ricky Sturr,rsturrpc@answers.com,SbWtJeS10,913
914,Camido,Del Burk,dburkpd@smugmug.com,3HYmJw6UD,914
915,Podcat,Aluin Michurin,amichurinpe@yandex.ru,4U7tWQCJblb,915
916,Youfeed,Amalle Christer,achristerpf@vkontakte.ru,Yhil5o,916
917,Eabox,Sileas D'Aeth,sdaethpg@imageshack.us,o8UcGT,917
918,Thoughtbridge,Jaclyn Sealey,jsealeyph@blogspot.com,h7mfGJhqb,918
919,Tazz,Elli Unwin,eunwinpi@gmpg.org,kYpI1cgbTMK,919
920,Yombu,Joelle Mant,jmantpj@mozilla.org,2RHShH8,920
921,Topicstorm,Del Peirazzi,dpeirazzipk@webnode.com,MB6pYSAkv2G,921
922,Ooba,Kippie Philips,kphilipspl@phpbb.com,K3T51usFH1,922
923,Trupe,Angeli Uphill,auphillpm@rediff.com,BFV3ENf,923
924,Fliptune,Wolfie Helkin,whelkinpn@domainmarket.com,co4WqIaHbgQ9,924
925,Twitterbridge,Fiann Thonason,fthonasonpo@theatlantic.com,8idtjyX3jhrd,925
926,Dabshots,Ailyn Choppen,achoppenpp@blogspot.com,EYzs52sF4dx,926
927,Dabshots,Sinclair Filipczynski,sfilipczynskipq@ameblo.jp,oSNOjPEMzw,927
928,Dynazzy,Dianne Delahunty,ddelahuntypr@tripod.com,bJRScSH,928
929,Livetube,Doralynn Kauble,dkaubleps@loc.gov,apmL7RFFG4sH,929
930,Wikivu,Kerrie Lutwyche,klutwychept@nbcnews.com,uqQ6oU9,930
931,Vinte,Kira Zapata,kzapatapu@google.cn,f7tuxn0LE,931
932,Meezzy,Wittie Coomes,wcoomespv@google.co.jp,10yE0E,932
933,Zoonoodle,Abba Binding,abindingpw@businessinsider.com,bUgle2VIf0,933
934,Kimia,Chet Shillington,cshillingtonpx@paginegialle.it,VW45MtW4irw,934
935,Browsetype,Constantin McCurtin,cmccurtinpy@clickbank.net,ejSV0yRzncV,935
936,Youspan,Sherilyn Goldberg,sgoldbergpz@vimeo.com,2wzoH2kDGtRD,936
937,Ntags,Ambros Addionizio,aaddionizioq0@elpais.com,lknx31Ik1xf,937
938,Gabcube,Lillis Gostyke,lgostykeq1@epa.gov,BlDlU9,938
939,Bubblebox,Uta Hodges,uhodgesq2@purevolume.com,dSpf1V,939
940,Twitterbridge,Cassey Balshaw,cbalshawq3@devhub.com,M93sgdR4ve,940
941,Browseblab,Donielle Wankel,dwankelq4@patch.com,ZFFm8gJY5,941
942,Zoombox,Dale Tremolieres,dtremolieresq5@woothemes.com,osA7cA,942
943,Ailane,Terrie Eccleshare,teccleshareq6@nhs.uk,L6Y1gcDI,943
944,Fivespan,Linn Toohey,ltooheyq7@free.fr,kflpPIgVFM6Y,944
945,Brainbox,Pete Turmel,pturmelq8@indiatimes.com,mf2JKX,945
946,Meemm,Mata Larvin,mlarvinq9@accuweather.com,TgZFUyK,946
947,Skaboo,Antoine Bierton,abiertonqa@wsj.com,4eIUvpuzCBFR,947
948,Tagopia,Reagen Rozalski,rrozalskiqb@umich.edu,ROIBUTvkJ0je,948
949,Eabox,Grier Stanhope,gstanhopeqc@twitpic.com,Xnnqrj,949
950,Yamia,Adair Dearnaly,adearnalyqd@census.gov,Z84LrAtsM7Sh,950
951,Shuffledrive,Carlos Noddle,cnoddleqe@ucsd.edu,JrjpOt,951
952,Wikivu,Rosabella Delion,rdelionqf@hc360.com,KyYi2VI4zLtp,952
953,Centimia,Jamison Drepp,jdreppqg@people.com.cn,ha4XaD,953
954,Dynabox,Andie Papez,apapezqh@zimbio.com,af9469dNYoX7,954
955,Flashdog,Abraham Rankling,aranklingqi@163.com,RNxuk8kfkD,955
956,Brainlounge,Kendall Jarvie,kjarvieqj@wired.com,9uDxJT,956
957,Meevee,Morgan Valentinetti,mvalentinettiqk@furl.net,wEcQRjd04LOq,957
958,Wikivu,Christian Dulwich,cdulwichql@dot.gov,vQvKtQ,958
959,Wikido,Angil Prazer,aprazerqm@mtv.com,CMl07aY,959
960,Ntags,Jordon Grogor,jgrogorqn@furl.net,6j38g0Tvtg,960
961,Zoozzy,Romola Belward,rbelwardqo@cocolog-nifty.com,5jUbCBM4R,961
962,Oozz,Edythe Rattray,erattrayqp@tiny.cc,BUoVSLQJf,962
963,Kazu,Tani Bramo,tbramoqq@yahoo.co.jp,0DveXta9o,963
964,Leexo,Marne Pruvost,mpruvostqr@mac.com,HDhfzz,964
965,Kwinu,Yank Fontel,yfontelqs@discuz.net,8475y0gNp,965
966,Dabfeed,Dody Corde,dcordeqt@foxnews.com,u5BhnB85B8,966
967,Skinix,Dorella Bartrum,dbartrumqu@naver.com,2jg736CTo,967
968,Cogidoo,Brooks Plesing,bplesingqv@plala.or.jp,qcqgL9Sc3ho4,968
969,Oyoba,Addie Helleckas,ahelleckasqw@apple.com,XZQUFX4wB,969
970,Livetube,Charmine Rubbert,crubbertqx@dion.ne.jp,JeYOZD,970
971,Skajo,Ignacius Gann,igannqy@ycombinator.com,sIVkQSJMNr5,971
972,Browsetype,Emanuel Jaques,ejaquesqz@bravesites.com,bFHsWONGL,972
973,Topiclounge,Dwain Tween,dtweenr0@omniture.com,foa4oP,973
974,Divavu,Mela Vanyard,mvanyardr1@webmd.com,6cMV1N3mCUqC,974
975,Kamba,Timothy Scrimshire,tscrimshirer2@google.ru,1DmRgFBoVt,975
976,Quamba,Angelle Laurentino,alaurentinor3@youtu.be,CTNyZy6w3NUf,976
977,Babbleblab,Sonnnie Richardeau,srichardeaur4@smh.com.au,wJLtNsfGnqwQ,977
978,BlogXS,Ilise Gosnoll,igosnollr5@usda.gov,XpbJQj,978
979,Photospace,Dotti Wallbridge,dwallbridger6@nps.gov,nm5iwv4al3Q,979
980,Plajo,Eben Woolpert,ewoolpertr7@qq.com,0vR2BP8Yw,980
981,Zoomdog,Geoff Skurray,gskurrayr8@usatoday.com,pozo4BD,981
982,Zava,Mendy Rounding,mroundingr9@infoseek.co.jp,EYgkWAPasYP,982
983,Ozu,Jenifer Abbiss,jabbissra@unesco.org,28egSxjxeBjz,983
984,Yakijo,Hildagarde Balden,hbaldenrb@addtoany.com,n6C3WBYgWT,984
985,Yamia,Mill Elvy,melvyrc@sitemeter.com,x7wYZialtk,985
986,Quaxo,Miof mela Povele,mmelard@nature.com,uUtjXHv,986
987,Oloo,Valdemar Helstrip,vhelstripre@tmall.com,MJjnOnNtR6o,987
988,Skinix,Toby Gytesham,tgyteshamrf@un.org,GPZ0E3lfNNOf,988
989,Flipopia,Regan Tosh,rtoshrg@examiner.com,Q34weOUF,989
990,Zazio,Reggie Beak,rbeakrh@theguardian.com,54oIXJ87,990
991,Zoombeat,Kathie Calken,kcalkenri@cocolog-nifty.com,l9A88Xfo,991
992,Gabtune,Roderic Tomanek,rtomanekrj@tinypic.com,mXCJsd,992
993,Jayo,Aime Ackland,aacklandrk@google.co.uk,Oz6croi1c12,993
994,Yombu,Janeczka Ummfrey,jummfreyrl@kickstarter.com,6pAkSx,994
995,Izio,Sadye Tungay,stungayrm@thetimes.co.uk,2KMJsdxCldb,995
996,Skilith,Zach Penhaleurack,zpenhaleurackrn@opensource.org,drXvyKv0KEq,996
997,Divavu,Doti Wolstencroft,dwolstencroftro@usnews.com,5fh8Fpn1dZ,997
998,Talane,Noel Cane,ncanerp@baidu.com,w8wCaivp44tk,998
999,Plambee,Theresita Royce,troycerq@google.it,odcI28Y6pvKV,999
1000,Leexo,Devora Damato,ddamatorr@studiopress.com,GmAzKP,1000
